"collision_index","vehicle_reference","casualty_reference","casualty_class","casualty_severity","pedestrian_location","pedestrian_movement","car_passenger","casualty_type"
"197905H200700",1,1,1,3,0,0,0,109
"197952FKE0696",1,1,2,3,0,0,1,109
"197997NC01901",2,1,2,3,0,0,1,109
"1979316110883",1,1,2,3,0,0,2,109
"197901F9MCD21",1,1,2,3,0,0,0,11
"197901JARGE70",2,1,1,3,0,0,0,104
"19794000B0984",1,2,2,3,0,0,1,109
"1979557920388",1,4,2,3,0,0,2,108
"197945BD00453",1,1,1,3,0,0,0,109
"197934DT00042",2,2,1,2,0,0,0,109
"197945AD00113",1,1,1,3,0,0,0,109
"197901K6IDV08",2,4,2,3,0,0,-1,109
"1979309C02595",2,1,1,3,0,0,0,104
"1979927902583",1,1,1,3,0,0,0,109
"1979355105279",1,1,1,3,0,0,0,103
"197947NA90742",1,2,2,3,0,0,0,113
"197906K001401",2,4,2,3,0,0,2,108
"197901IHNAC82",1,1,1,3,0,0,0,19
"1979360011523",2,2,1,2,0,0,0,109
"1979600C07135",3,1,1,2,0,0,0,104
"197901HSOJZ75",1,1,1,3,0,0,0,2
"197995779G005",1,1,2,3,0,0,1,109
"197905B300622",2,1,1,3,0,0,0,109
"197901CGMJF21",1,1,1,3,0,0,0,109
"1979927906722",1,1,1,3,0,0,0,109
"197901IANCC11",2,1,2,3,0,0,0,11
"197912A062579",1,3,2,3,0,0,1,109
"1979040CD0165",1,1,3,2,5,1,0,0
"19794000C1859",1,1,3,3,5,3,0,0
"197901CTFGF11",1,1,2,3,0,0,0,11
"197945CD00253",1,2,2,3,0,0,1,109
"1979119DJ1401",2,9,2,3,0,0,2,108
"197905D100549",1,1,3,3,5,1,0,0
"197952LNA1074",2,1,1,3,0,0,0,109
"1979530NI0627",1,1,3,3,5,1,0,0
"1979557922049",1,1,3,2,9,5,0,0
"1979219500608",1,1,3,3,9,5,0,0
"1979440CF0177",1,2,2,3,0,0,1,109
"197901LRPEV95",1,1,1,3,0,0,0,109
"19799379E0809",2,1,1,2,0,0,0,104
"197920A09J505",1,1,1,3,0,0,0,19
"197901K7RKO28",1,1,1,3,0,0,0,1
"19793379N0192",2,2,1,2,0,0,0,104
"197950B150626",1,1,3,2,9,7,0,0
"197916P130521",2,1,1,3,0,0,0,104
"1979620J03930",1,2,2,3,0,0,2,109
"197901CMHLF27",1,1,3,3,5,9,0,0
"197997LG01611",1,1,3,3,5,3,0,0
"1979620D05790",2,1,1,2,0,0,0,109
"1979360050664",1,1,3,3,4,1,0,0
"19794141E2004",2,2,2,3,0,0,1,109
"1979557911460",1,1,2,3,0,0,0,104
"1979620E02600",1,1,2,3,0,0,1,109
"197907FUGL280",1,1,1,2,0,0,0,109
"197906L002698",1,1,1,2,0,0,0,109
"197945FD00295",1,1,1,2,0,0,0,109
"197912B196879",2,1,1,2,0,0,0,104
"1979927904504",2,1,1,3,0,0,0,109
"197947TA90132",1,1,3,3,4,1,0,0
"197901EFPAE42",1,1,1,3,0,0,0,104
"1979467201019",1,2,2,3,0,0,1,109
"1979230001518",1,3,2,3,0,0,1,109
"1979420070265",1,1,1,3,0,0,0,109
"197901C2PDD28",2,1,1,3,0,0,0,1
"197901JLUAC60",1,1,1,3,0,0,0,104
"197932B062879",1,1,1,3,0,0,0,110
"197903J202350",1,1,1,3,0,0,0,104
"197901EAQDI20",2,1,1,3,0,0,0,1
"197905B301431",1,1,3,3,5,1,0,0
"19796379A0241",1,1,3,3,5,3,0,0
"197920JCNEO50",1,1,1,2,0,0,0,104
"1979219600294",1,1,2,3,0,0,1,109
"197954CT03769",1,1,1,3,0,0,0,109
"197901K6RLC78",1,1,1,3,0,0,0,104
"197913Q228979",1,1,3,3,5,2,0,0
"197901BJHDE77",1,1,2,3,0,0,0,11
"197954CT01179",1,1,1,3,0,0,0,109
"1979119CI0562",1,1,1,3,0,0,0,109
"1979119CG0528",1,1,1,3,0,0,0,104
"197903G104310",2,4,1,3,0,0,0,109
"197947YA90161",2,3,2,3,0,0,2,109
"1979360020869",1,1,1,2,0,0,0,1
"1979620J00240",1,1,1,3,0,0,0,109
"1979040CG0182",1,1,3,2,5,2,0,0
"1979557911893",1,1,3,3,5,3,0,0
"1979220204049",1,1,3,3,4,3,0,0
"1979927905399",2,1,1,3,0,0,0,104
"197903A102370",1,1,3,3,5,4,0,0
"197905F101655",2,1,2,3,0,0,1,109
"197920FFJJ300",1,1,1,2,0,0,0,109
"197901IHHDC23",1,1,2,3,0,0,2,108
"197920KLJKO00",1,1,3,3,5,9,0,0
"197932D029079",2,1,1,3,0,0,0,109
"197914A300632",1,1,3,3,10,5,0,0
"197901EUJAD10",1,1,3,3,5,9,0,0
"197901HFKHV07",2,1,1,2,0,0,0,1
"197905B200256",1,1,2,3,0,0,0,11
"197917F301752",2,3,1,2,0,0,0,109
"197906C000278",1,3,2,3,0,0,0,11
"197901J1VJV70",1,1,2,3,0,0,1,109
"1979040HE0698",1,1,3,2,5,3,0,0
"197905F101166",1,1,1,2,0,0,0,104
"197952MYE0744",2,6,2,3,0,0,1,109
"1979420050890",2,1,1,3,0,0,0,109
"1979420090330",1,1,1,3,0,0,0,19
"197937LBHEP30",2,1,1,2,0,0,0,1
"19794141E2172",1,1,2,3,0,0,1,109
"197901AHKCC30",1,1,1,2,0,0,0,19
"197943C123089",1,2,2,3,0,0,2,109
"197901KUOGD10",1,1,3,3,2,9,0,0
"1979557923099",1,1,1,3,0,0,0,109
"1979620F00060",1,1,3,3,5,3,0,0
"197901FBSGL64",1,1,1,3,0,0,0,90
"197903J204080",2,1,1,3,0,0,0,109
"197901CPAEV31",3,2,1,3,0,0,0,109
"19799379W1862",1,1,1,2,0,0,0,1
"197947TA90348",1,1,1,2,0,0,0,104
"197937C2RG312",1,1,1,2,0,0,0,104
"197901HAKCC98",1,2,2,3,0,0,0,11
"197901J2XGD30",2,2,1,3,0,0,0,109
"197945FD00086",1,1,1,3,0,0,0,109
"1979352195479",1,1,1,3,0,0,0,103
"197901E1OFP84",2,2,1,3,0,0,0,113
"197910F019379",1,1,3,3,10,9,0,0
"197901B8QFX90",1,4,2,3,0,0,0,19
"197905H100269",1,1,1,3,0,0,0,19
"197914A201039",1,1,1,3,0,0,0,1
"197916L040317",1,1,2,3,0,0,0,11
"197920EFWG300",2,1,2,3,0,0,-1,109
"197916V010197",2,1,1,3,0,0,0,104
"197901KTLKQ45",1,1,2,3,0,0,0,11
"197901E6BJD12",1,1,3,3,6,9,0,0
"197947TA90213",1,1,1,3,0,0,0,109
"197901DSCAC89",1,2,2,2,0,0,1,109
"197996NS10138",1,1,2,3,0,0,1,109
"1979219300261",1,1,3,3,5,3,0,0
"197920K9IKC00",2,1,1,2,0,0,0,104
"197920I8IEC50",1,1,1,3,0,0,0,113
"197906J002565",1,1,2,3,0,0,0,11
"197913K076479",1,1,2,3,0,0,1,109
"197920B6RF500",1,1,3,3,5,6,0,0
"1979980802296",1,2,2,3,0,0,1,109
"197916T020085",1,1,1,1,0,0,0,109
"197947TA90513",1,1,3,3,5,1,0,0
"1979220704035",1,1,3,3,5,1,0,0
"197996SG01159",1,1,3,2,5,1,0,0
"1979040GK0917",1,2,1,3,0,0,0,109
"197997XA04708",1,1,3,2,5,1,0,0
"197901CNWFU25",1,1,1,3,0,0,0,108
"1979230000196",3,1,1,3,0,0,0,1
"197913M024479",3,1,1,3,0,0,0,2
"197952CRE1026",2,1,1,3,0,0,0,1
"1979313110395",1,1,1,3,0,0,0,109
"197995579E017",1,3,2,3,0,0,1,109
"197912B156579",1,1,3,3,5,3,0,0
"197952FBA1203",1,1,1,3,0,0,0,104
"197905K200641",1,2,3,3,9,9,0,0
"19794000D2403",2,1,1,3,0,0,0,1
"1979910040229",1,1,3,3,5,1,0,0
"197916P130147",1,1,1,3,0,0,0,19
"197901CRRJR32",2,1,1,3,0,0,0,1
"197920J5PJO20",1,1,1,3,0,0,0,11
"197901G7UJQ04",1,1,1,3,0,0,0,19
"1979420060575",2,2,2,3,0,0,1,109
"197901KHMEE03",1,1,2,3,0,0,0,11
"197947TA90237",1,1,1,3,0,0,0,109
"197906F002846",2,1,1,3,0,0,0,1
"197901KAVAW24",1,1,1,3,0,0,0,104
"197945AD00183",1,1,2,2,0,0,2,109
"197901DQNIV30",1,1,2,3,0,0,2,109
"197920BNBH300",1,1,1,3,0,0,0,109
"1979360041048",2,1,1,2,0,0,0,19
"197997QB20105",2,1,1,3,0,0,0,109
"1979040KM0540",2,1,1,3,0,0,0,1
"197901BIABD20",2,2,1,3,0,0,0,109
"19794141F1182",1,1,1,3,0,0,0,109
"197906K002445",2,3,1,3,0,0,0,109
"19799379C1374",2,1,2,3,0,0,1,109
"197910A016779",1,1,2,3,0,0,1,109
"197997CB06710",1,1,3,3,5,1,0,0
"197907BEAKE80",1,1,1,3,0,0,0,109
"1979440AF0207",1,1,1,3,0,0,0,109
"1979530WI0341",2,3,2,2,0,0,1,109
"197901B3IIK27",2,2,1,3,0,0,0,104
"1979119AA0577",1,2,2,3,0,0,1,109
"1979461107119",1,1,1,3,0,0,0,109
"197952MCD0776",2,1,1,3,0,0,0,109
"197914A301223",1,3,1,3,0,0,0,109
"1979557923741",2,1,1,3,0,0,0,103
"197913B117979",1,1,1,2,0,0,0,104
"197901JCRKE79",1,1,3,3,2,6,0,0
"197901KPMAC52",1,1,2,3,0,0,0,11
"19794141F1098",1,1,1,3,0,0,0,109
"1979119AK0487",1,1,1,3,0,0,0,19
"1979309D01366",1,1,1,2,0,0,0,104
"1979309A01249",2,1,2,3,0,0,2,109
"197906N000916",2,1,1,3,0,0,0,104
"197901KAXGU67",1,2,3,2,5,9,0,0
"197906F002433",2,1,1,2,0,0,0,2
"197901KEIEE49",1,1,3,2,5,9,0,0
"19794141B1193",1,1,1,3,0,0,0,109
"1979910090866",1,1,1,2,0,0,0,109
"197997DC10110",1,1,1,2,0,0,0,109
"197920LTQKC00",2,1,2,3,0,0,0,11
"1979219300532",1,1,1,3,0,0,0,104
"19796379C0487",2,2,2,3,0,0,1,109
"1979620A01870",2,1,1,2,0,0,0,104
"1979600A13128",1,1,3,2,9,8,0,0
"197997FB04208",1,1,1,3,0,0,0,1
"197920HTQGO00",1,1,3,3,5,9,0,0
"197917G100701",1,1,3,3,1,1,0,0
"1979461103219",1,1,1,3,0,0,0,109
"197932D127379",1,1,3,2,5,4,0,0
"197950E421112",1,1,1,3,0,0,0,104
"197995D79C039",1,1,1,3,0,0,0,104
"197913P111379",1,1,1,3,0,0,0,104
"1979420080199",2,2,2,3,0,0,2,109
"19796379B0316",1,1,2,2,0,0,0,104
"197945BC00233",3,1,1,2,0,0,0,104
"1979600D01180",2,1,1,2,0,0,0,109
"1979119CG0339",1,1,1,3,0,0,0,1
"197950J650042",2,1,1,2,0,0,0,104
"1979463108599",1,1,1,3,0,0,0,109
"1979420060624",1,2,2,3,0,0,1,109
"197914B201375",2,1,1,3,0,0,0,109
"197920KURLO60",1,1,3,3,1,9,0,0
"1979219600511",2,2,1,3,0,0,0,109
"19794141A2008",1,1,1,2,0,0,0,109
"1979927902866",2,1,1,3,0,0,0,1
"19793379S0314",1,1,1,3,0,0,0,2
"1979927908282",1,1,1,3,0,0,0,109
"197905H100105",1,1,1,2,0,0,0,104
"1979620D00590",1,1,1,3,0,0,0,109
"1979440DW0024",1,1,1,3,0,0,0,109
"197920FFNK300",1,1,1,3,0,0,0,104
"1979220510052",1,1,1,3,0,0,0,104
"1979119DK0627",1,1,3,3,5,3,0,0
"197913Q057779",1,1,1,2,0,0,0,109
"197901D5MGU36",1,1,1,3,0,0,0,104
"1979219400031",1,1,1,3,0,0,0,109
"1979309D01196",2,1,1,2,0,0,0,104
"197901J7JIW20",1,1,1,3,0,0,0,1
"197920CCPD300",1,1,3,2,5,6,0,0
"197907FLIBQ60",1,1,1,3,0,0,0,1
"1979040FA0279",2,2,2,3,0,0,2,109
"197920LLRKO30",1,1,1,3,0,0,0,104
"197913P154279",2,2,2,3,0,0,1,109
"197901L7XLW59",1,1,2,3,0,0,1,109
"197901IGNGJ88",2,1,1,3,0,0,0,109
"197901I5IBU19",1,1,3,3,5,9,0,0
"197954DD04599",1,1,3,2,5,2,0,0
"19794141D1312",1,2,2,3,0,0,2,109
"197912A017379",2,1,1,2,0,0,0,1
"197932B050579",1,4,3,3,9,5,0,0
"197906F001518",2,1,1,3,0,0,0,109
"197952DSG0613",2,1,1,3,0,0,0,104
"1979463106709",2,2,1,3,0,0,0,109
"197906D000103",2,1,1,3,0,0,0,1
"1979219700523",1,1,1,3,0,0,0,104
"197901DQQGW93",1,1,2,3,0,0,0,11
"197901C3UKD92",1,1,3,3,5,6,0,0
"197901LUMDC35",2,4,2,3,0,0,1,109
"197901ARVAF20",1,1,2,3,0,0,1,109
"197920IDPFI00",2,1,1,3,0,0,0,1
"1979420060460",1,4,2,3,0,0,2,109
"197901E2SDX21",1,1,3,3,5,9,0,0
"1979530WI0108",2,1,1,2,0,0,0,1
"197905H100456",1,1,1,3,0,0,0,104
"197913Q065679",1,1,3,2,5,1,0,0
"197906F001830",2,1,1,3,0,0,0,1
"197914C302101",1,1,1,3,0,0,0,104
"197901EIJGF00",1,1,1,3,0,0,0,109
"197903J303810",2,1,2,2,0,0,1,109
"1979309C00207",2,1,2,3,0,0,0,11
"197901I7RDK79",1,1,2,3,0,0,0,11
"1979980510174",1,1,3,3,9,5,0,0
"197995N79G033",1,1,1,3,0,0,0,109
"197932D035679",2,1,1,3,0,0,0,104
"1979219200077",2,1,3,2,9,5,0,0
"197997CA06012",1,1,3,2,4,1,0,0
"1979600C05055",1,1,3,3,9,5,0,0
"197907EJPEE80",1,1,3,3,5,9,0,0
"19794000B0269",1,1,1,3,0,0,0,104
"197937CMPG411",1,2,2,3,0,0,1,109
"197954AD07149",1,1,3,3,5,2,0,0
"197954AM05819",2,3,2,3,0,0,1,109
"197901KQUBE98",2,2,1,3,0,0,0,109
"197916L040144",1,1,3,3,5,1,0,0
"197995179G005",2,1,1,3,0,0,0,109
"197961A071790",1,1,3,2,5,3,0,0
"197903C6KF361",1,1,3,2,1,9,0,0
"197914A301910",2,1,1,3,0,0,0,103
"197952LNA0911",1,1,1,2,0,0,0,2
"197906N000744",1,2,2,3,0,0,2,109
"1979219300108",2,2,1,3,0,0,0,109
"1979557923822",1,1,3,3,1,1,0,0
"1979420040026",1,9,2,3,0,0,0,11
"197914E200443",1,1,1,2,0,0,0,109
"1979620A01870",2,2,2,2,0,0,0,104
"197950L900781",1,1,1,3,0,0,0,109
"1979620D03850",1,1,1,2,0,0,0,109
"197913H085079",2,1,1,2,0,0,0,104
"19799379W1305",1,1,1,2,0,0,0,19
"197997LA02707",1,1,2,2,0,0,1,109
"197943H106109",2,1,2,3,0,0,0,11
"197947CA90065",1,1,1,3,0,0,0,19
"197952EST1149",2,1,1,2,0,0,0,1
"1979355050479",1,1,3,3,5,3,0,0
"197943H019029",2,1,1,2,0,0,0,1
"197905K100875",1,2,2,3,0,0,0,19
"197920DRKC305",1,1,3,2,5,9,0,0
"197913N014379",1,1,1,3,0,0,0,104
"1979309C01024",1,1,1,2,0,0,0,109
"197912B068979",1,3,2,3,0,0,2,109
"197906D001866",1,1,3,3,4,3,0,0
"197952GFS0298",1,2,2,2,0,0,0,104
"197901LCSAK49",1,1,3,3,5,9,0,0
"197906C000147",1,1,3,3,5,1,0,0
"1979219100374",2,2,2,3,0,0,0,104
"197906P000854",1,1,1,2,0,0,0,109
"197901I9QGF05",1,1,2,2,0,0,0,104
"197906N001302",2,1,1,3,0,0,0,1
"1979040CD1051",1,1,2,1,0,0,0,19
"19794000D2739",2,1,1,2,0,0,0,104
"197950B291251",1,1,2,3,0,0,1,109
"197950A031430",1,3,2,3,0,0,1,109
"1979309A00599",1,1,1,3,0,0,0,104
"197913L129079",2,1,1,3,0,0,0,104
"1979557912600",1,1,1,3,0,0,0,1
"197901ERLAV91",1,1,3,3,10,5,0,0
"197913C120179",1,1,3,2,5,1,0,0
"197943D019119",1,1,3,3,1,3,0,0
"197905A200681",1,1,3,2,4,2,0,0
"1979220510017",2,1,1,2,0,0,0,104
"19799379E0852",1,2,2,3,0,0,1,109
"197907LLVHE60",1,1,3,3,5,9,0,0
"197901IEHKC68",1,1,1,3,0,0,0,113
"197905H201113",1,2,1,3,0,0,0,104
"197947YA90334",1,1,1,2,0,0,0,104
"197943H020079",1,1,1,3,0,0,0,2
"1979309B01129",2,1,1,3,0,0,0,104
"1979313200382",2,1,1,3,0,0,0,109
"197945AW00138",1,2,1,3,0,0,0,90
"197916R140659",1,1,1,2,0,0,0,109
"197906Q001609",2,1,1,3,0,0,0,1
"197901KNTDQ81",2,1,1,3,0,0,0,109
"197914D200393",1,1,2,3,0,0,0,11
"1979440AH0094",1,1,1,2,0,0,0,109
"197950A020596",1,2,2,3,0,0,2,109
"19793379S0795",1,2,2,3,0,0,2,109
"197901DQTAF25",1,1,3,2,5,9,0,0
"1979461208579",1,1,1,3,0,0,0,104
"197901EOWKD07",2,1,2,3,0,0,1,109
"1979440KF0724",4,2,1,2,0,0,0,1
"197947YA90160",2,1,1,3,0,0,0,109
"1979440BS0045",1,1,1,3,0,0,0,109
"197901I2MGU64",1,2,3,3,5,9,0,0
"197906G001755",1,1,1,3,0,0,0,104
"197917F101480",1,1,3,3,5,1,0,0
"197906B000966",1,1,1,3,0,0,0,104
"1979440CR0102",3,1,1,3,0,0,0,109
"197907ARIHQ30",1,1,1,3,0,0,0,109
"1979557912217",2,6,2,3,0,0,2,109
"197947NA90208",2,1,1,2,0,0,0,109
"197901KDIEW17",1,1,1,3,0,0,0,2
"197920GFMDI00",1,1,3,2,5,9,0,0
"197950H610576",1,1,1,2,0,0,0,113
"197997PB01907",1,1,1,3,0,0,0,19
"197952FBA0823",2,1,1,3,0,0,0,2
"197905J200201",1,1,3,2,5,4,0,0
"197945BD00153",2,1,1,2,0,0,0,1
"1979219200661",1,1,3,2,5,1,0,0
"1979219600208",1,1,1,3,0,0,0,104
"197945FD00110",1,1,3,3,5,3,0,0
"1979219500511",2,2,1,3,0,0,0,19
"197906L000042",1,1,1,3,0,0,0,109
"197912A238679",1,1,1,3,0,0,0,109
"197995479F041",1,1,2,3,0,0,0,19
"197906K001575",2,3,2,3,0,0,1,109
"197920IEMJO00",1,2,1,3,0,0,0,104
"197906C001348",1,3,2,3,0,0,1,109
"1979557923005",1,1,2,3,0,0,1,109
"197943B053109",2,1,1,3,0,0,0,1
"1979360020085",1,1,1,3,0,0,0,109
"19796379D0113",1,1,1,3,0,0,0,104
"197954DM03429",1,1,1,3,0,0,0,109
"19796379D0091",1,1,2,3,0,0,1,109
"197937B6IJ413",1,1,1,3,0,0,0,109
"19794000D2096",2,1,1,3,0,0,0,109
"197945AW00104",1,3,2,3,0,0,1,109
"197945AD00366",1,1,1,3,0,0,0,104
"197920IJQEI00",1,1,3,3,1,9,0,0
"197906N001948",2,4,2,3,0,0,2,109
"197901A9KLX03",1,1,3,3,6,9,0,0
"197934BR00455",1,1,1,2,0,0,0,109
"197947TA90464",2,2,2,2,0,0,0,104
"197910F067279",1,2,2,3,0,0,1,109
"19794141A1223",2,2,1,3,0,0,0,109
"197901HUPEC19",2,1,2,3,0,0,0,11
"197995N79C037",1,1,3,2,5,3,0,0
"1979420020378",1,3,1,3,0,0,0,109
"1979620B02570",1,1,3,3,5,2,0,0
"197901K9RAW19",2,1,1,3,0,0,0,1
"197901HSWLE72",3,1,1,3,0,0,0,109
"1979600A09142",1,1,1,3,0,0,0,109
"197950L760837",2,1,1,3,0,0,0,109
"1979440CB0136",2,1,1,3,0,0,0,104
"1979420020442",2,1,1,3,0,0,0,109
"197950J880573",2,2,1,2,0,0,0,104
"197954CZ03069",2,1,1,3,0,0,0,1
"197901JJOCJ19",1,1,1,2,0,0,0,104
"1979620B05330",1,1,3,3,5,2,0,0
"197901K4LGW01",1,1,1,3,0,0,0,109
"197920L5XDO20",1,1,3,2,5,9,0,0
"1979927901082",1,2,2,2,0,0,1,109
"1979530WI0047",2,3,1,2,0,0,0,109
"1979314113355",2,4,1,3,0,0,0,109
"1979462207979",2,1,1,3,0,0,0,104
"1979600C06005",1,1,1,3,0,0,0,109
"197920IMQGC90",1,2,3,3,5,9,0,0
"197901LBHEJ53",1,2,3,3,1,9,0,0
"197901H7SID64",1,1,3,3,6,9,0,0
"1979315101615",1,1,3,3,5,2,0,0
"197920L8MBO00",1,1,3,3,5,9,0,0
"1979440LS0134",1,1,2,2,0,0,1,109
"197906J002712",2,1,1,2,0,0,0,1
"197903J205170",1,1,1,2,0,0,0,104
"1979312211187",2,1,1,2,0,0,0,1
"197913H055079",2,1,1,3,0,0,0,109
"197905A200301",1,1,1,2,0,0,0,104
"19793379S0200",1,1,3,2,4,1,0,0
"197934AK00377",1,1,1,2,0,0,0,104
"197920CCHC505",1,1,2,3,0,0,1,109
"1979557924638",1,1,2,2,0,0,1,109
"197901HLSKI97",1,1,3,3,5,6,0,0
"19793379S0255",2,2,1,3,0,0,0,109
"197920GVSJO00",1,1,1,3,0,0,0,1
"197917G100048",1,4,2,3,0,0,2,109
"197913A117379",1,1,2,3,0,0,0,11
"197905A201036",1,1,3,3,4,2,0,0
"197945CA00435",1,1,1,3,0,0,0,1
"197913K109479",1,1,1,3,0,0,0,109
"197997RC92707",1,1,1,3,0,0,0,109
"197901K6IIE86",2,1,1,2,0,0,0,104
"1979463106679",1,3,3,1,6,8,0,0
"197954AD09769",2,1,1,2,0,0,0,104
"197901H4OJJ23",1,1,3,3,5,9,0,0
"1979220203033",1,1,1,2,0,0,0,2
"197907LSUJQ70",1,2,2,3,0,0,1,109
"1979220202007",1,1,1,3,0,0,0,109
"197906F001520",2,1,1,3,0,0,0,104
"197905H100930",1,1,3,3,5,3,0,0
"197901LKQFU93",1,1,2,3,0,0,0,11
"197950E351703",1,2,2,3,0,0,1,109
"197943C061129",2,1,1,3,0,0,0,104
"197912A164479",2,1,1,2,0,0,0,104
"1979360021050",2,2,1,3,0,0,0,104
"19794141F2009",2,1,1,3,0,0,0,109
"197901GCWAC94",1,1,2,3,0,0,1,109
"1979462200379",2,1,1,3,0,0,0,109
"197995379C058",2,2,2,3,0,0,1,109
"197906P001109",1,1,3,3,5,2,0,0
"197997DC10703",1,2,1,2,0,0,0,104
"197901BEGBE50",2,2,1,3,0,0,0,109
"197932C005379",1,1,1,3,0,0,0,109
"197997UB10905",1,1,1,3,0,0,0,104
"197997QB10102",1,1,1,3,0,0,0,109
"197997LC70507",1,4,1,3,0,0,0,109
"197932A010579",1,1,3,3,5,3,0,0
"1979440LS0128",1,1,1,2,0,0,0,104
"197901KBSAD42",1,1,3,3,1,9,0,0
"197920L3KKC00",2,1,2,3,0,0,0,11
"1979927900081",2,8,2,3,0,0,0,110
"197910A057079",2,3,2,3,0,0,1,109
"197995D79F049",1,1,1,3,0,0,0,109
"1979557921783",1,1,1,3,0,0,0,2
"197997LA01911",1,1,3,3,5,4,0,0
"1979927903518",1,1,3,3,8,2,0,0
"197912D121579",1,2,2,3,0,0,0,19
"197910D034479",1,4,2,3,0,0,0,11
"197910G043279",1,1,1,2,0,0,0,104
"197952FBA0182",2,1,1,3,0,0,0,1
"197920HBOLO00",1,1,3,2,5,9,0,0
"197997CB04801",1,1,3,3,9,9,0,0
"1979360050395",1,1,3,3,5,1,0,0
"1979219600057",1,1,1,3,0,0,0,104
"197952LWE0446",1,1,2,2,0,0,0,19
"1979440BT0105",2,1,2,3,0,0,1,109
"197914E100833",1,1,3,3,5,2,0,0
"197997QA02507",1,1,1,2,0,0,0,104
"197901KTUGE51",2,1,1,3,0,0,0,109
"1979461303819",2,1,1,3,0,0,0,104
"197910A009279",1,1,1,3,0,0,0,109
"1979600D06116",1,2,3,3,5,4,0,0
"197901CONEF70",1,1,3,3,5,9,0,0
"197901BJUKF03",2,2,1,3,0,0,0,109
"197997CD02307",1,2,2,3,0,0,2,109
"1979440DW0144",1,1,3,3,1,1,0,0
"197934DD00658",2,1,1,3,0,0,0,1
"197901FLQGE02",1,1,3,3,6,9,0,0
"1979040BB1016",1,1,1,2,0,0,0,109
"1979040BA1203",1,1,3,2,5,1,0,0
"1979353039179",1,1,1,3,0,0,0,113
"197954MA00199",1,1,1,3,0,0,0,109
"19793379E0437",1,3,2,3,0,0,2,109
"197905A200479",1,1,3,3,4,1,0,0
"197943B072099",1,1,1,2,0,0,0,1
"1979440CB0108",1,1,1,3,0,0,0,1
"197917F200220",2,2,2,3,0,0,1,109
"197916K060080",1,4,2,3,0,0,0,19
"197901K9RGC53",1,1,1,3,0,0,0,19
"19799379W0316",2,3,2,2,0,0,1,109
"197905E100969",1,1,2,3,0,0,1,109
"1979230001051",1,1,1,3,0,0,0,109
"197932B026479",2,1,1,2,0,0,0,1
"197901IJNAE94",1,1,1,3,0,0,0,109
"1979927906632",1,1,1,3,0,0,0,2
"1979600B02251",1,2,3,3,7,7,0,0
"197901IHSHD14",1,1,3,3,2,6,0,0
"197901CEVFD73",1,2,2,2,0,0,1,109
"19793379N0293",1,2,2,3,0,0,2,109
"197913F007279",1,1,1,3,0,0,0,11
"197910E025179",1,1,1,2,0,0,0,1
"197910H075879",2,1,1,3,0,0,0,109
"197995179E017",2,2,1,3,0,0,0,109
"197901B1CF734",1,1,1,3,0,0,0,109
"1979219400452",2,1,1,2,0,0,0,109
"197910A046179",1,1,1,3,0,0,0,1
"197910E043779",1,1,2,3,0,0,1,109
"197995O79B038",1,1,1,2,0,0,0,109
"197901D7UFQ06",2,1,2,3,0,0,0,2
"1979440CG0064",3,2,2,3,0,0,0,104
"19796379C0274",2,1,1,2,0,0,0,104
"197920A03X505",1,1,2,2,0,0,1,109
"197937BKSK315",2,1,2,3,0,0,1,109
"19796379C0218",1,1,1,3,0,0,0,104
"197934CS00595",2,1,1,2,0,0,0,104
"197943H022019",1,1,1,2,0,0,0,109
"197947CA90920",1,2,2,2,0,0,2,109
"197913N149079",1,1,3,3,5,3,0,0
"1979040DG2021",1,1,1,2,0,0,0,109
"197905F200500",1,1,1,2,0,0,0,104
"197997CB01809",1,1,2,1,0,0,0,19
"197901GHWEC92",1,1,1,3,0,0,0,104
"197995479B003",2,1,1,3,0,0,0,1
"197905D200824",1,1,1,3,0,0,0,2
"1979220312004",1,1,1,3,0,0,0,2
"197997EA06708",2,1,2,3,0,0,1,109
"197901K1XAR24",1,2,2,3,0,0,0,104
"1979530NI0496",2,1,1,3,0,0,0,109
"197901GCTJU94",1,1,3,3,6,9,0,0
"197997GA06406",1,1,1,3,0,0,0,109
"197937A05I356",1,1,3,3,5,9,0,0
"197947CA91282",1,1,3,3,5,2,0,0
"197901CUQKE53",1,1,1,3,0,0,0,109
"197913N153679",1,1,3,3,5,4,0,0
"197901CHNCW21",1,1,3,3,5,6,0,0
"197901ISSEK13",1,2,1,3,0,0,0,104
"197916W050496",1,1,1,2,0,0,0,109
"197947CA90279",1,1,2,3,0,0,0,11
"197906L001224",2,1,1,3,0,0,0,104
"197943D052079",1,1,1,3,0,0,0,104
"1979440JH0402",1,2,2,3,0,0,0,104
"197995N79D028",3,1,1,3,0,0,0,104
"197917D100740",1,1,1,3,0,0,0,19
"1979600A10080",1,1,1,3,0,0,0,109
"1979440KF0080",1,1,1,3,0,0,0,109
"197997BA14601",2,1,1,2,0,0,0,2
"197905C200171",1,1,1,3,0,0,0,1
"1979440KC0238",1,1,2,3,0,0,0,11
"197907JHWLE00",2,1,1,3,0,0,0,104
"197920FPJC309",1,1,1,3,0,0,0,104
"1979220211075",2,1,1,2,0,0,0,104
"1979440KC0149",1,1,3,3,3,1,0,0
"19794000D0146",1,1,1,3,0,0,0,109
"197901JUIEC80",1,1,1,3,0,0,0,104
"197901BPDFC65",1,2,2,3,0,0,1,109
"19793379C0303",1,1,3,3,5,3,0,0
"1979360050041",1,2,1,3,0,0,0,109
"1979360021326",1,1,2,3,0,0,0,109
"1979440BW0216",1,1,1,2,0,0,0,109
"197997NB01405",1,1,1,3,0,0,0,1
"197901BPRGE79",3,1,2,3,0,0,1,109
"197914C102153",1,1,2,2,0,0,0,104
"197905A200645",1,5,2,3,0,0,2,108
"1979309D02248",1,2,2,3,0,0,1,109
"197901CMQDC23",1,1,3,2,5,9,0,0
"1979360010122",1,1,1,3,0,0,0,109
"1979461102299",1,3,2,3,0,0,2,109
"197901K2JKX38",1,1,3,3,5,9,0,0
"1979420030905",2,2,1,3,0,0,0,109
"1979440AF0189",1,1,1,2,0,0,0,109
"197901CAICK09",1,1,3,3,5,6,0,0
"197907E3IL210",1,1,1,1,0,0,0,113
"19793379S0127",1,1,1,2,0,0,0,109
"1979309B01525",2,1,1,3,0,0,0,109
"1979440HF0234",2,1,2,3,0,0,2,109
"197997KA24506",1,1,3,3,5,1,0,0
"197910A035679",1,1,1,2,0,0,0,104
"1979219200844",2,2,2,3,0,0,2,109
"197950J660507",1,1,2,3,0,0,2,109
"197934BW00666",3,4,2,2,0,0,2,109
"1979927902396",2,1,1,3,0,0,0,104
"197901I3WCV88",2,1,1,2,0,0,0,104
"197917E100670",1,1,1,3,0,0,0,104
"197906K000167",1,1,2,3,0,0,0,11
"1979220505038",1,1,1,2,0,0,0,104
"1979465304009",2,1,1,3,0,0,0,104
"197917D200610",1,1,2,3,0,0,1,109
"197950G530960",2,1,1,3,0,0,0,104
"1979420051056",2,1,1,2,0,0,0,109
"197903BFQK364",1,1,1,2,0,0,0,109
"197913J020479",1,1,3,3,1,1,0,0
"1979620B00450",1,2,2,3,0,0,1,109
"19793379N0131",1,1,1,3,0,0,0,1
"19796379A0233",1,1,1,3,0,0,0,104
"197937FJSB611",1,1,1,3,0,0,0,104
"1979219400230",1,1,3,2,1,1,0,0
"1979620B05480",1,1,2,3,0,0,0,11
"197947CA90693",1,1,1,3,0,0,0,104
"197901DRJBE99",1,1,1,3,0,0,0,109
"197901FFEBC35",2,2,1,3,0,0,0,113
"1979220107011",2,1,1,2,0,0,0,104
"1979314102561",2,1,2,3,0,0,1,109
"197901J2XGD30",1,5,2,3,0,0,-1,109
"19794141F1318",1,1,1,3,0,0,0,109
"197943F043029",1,1,1,3,0,0,0,109
"1979309D01882",2,1,1,3,0,0,0,1
"1979620E02100",1,1,3,3,5,2,0,0
"197950E351479",2,1,1,3,0,0,0,104
"1979600A09012",1,1,2,3,0,0,1,109
"197913F146579",2,2,1,3,0,0,0,109
"197954CY01229",1,2,2,2,0,0,0,104
"197945GL00133",1,1,1,3,0,0,0,109
"1979040CD0383",1,3,2,3,0,0,0,19
"197920A23J505",1,1,3,3,10,5,0,0
"1979927901166",1,1,3,3,5,3,0,0
"1979360050508",2,1,1,3,0,0,0,109
"19794141F2059",1,1,1,2,0,0,0,104
"197997EB05610",2,1,1,2,0,0,0,108
"1979463102939",1,1,1,2,0,0,0,109
"1979440CT0026",1,1,1,1,0,0,0,109
"197947TA90337",1,1,1,2,0,0,0,19
"1979230002129",1,1,3,3,5,2,0,0
"1979040HJ0651",1,1,3,3,1,1,0,0
"197906M001007",2,1,1,3,0,0,0,104
"1979600C01161",1,3,2,3,0,0,2,109
"1979530WI0763",2,1,1,3,0,0,0,1
"197901KSIIP50",1,2,2,3,0,0,0,104
"197943C024039",1,1,1,3,0,0,0,109
"197916V040055",1,1,3,3,5,3,0,0
"1979309A01464",2,1,1,3,0,0,0,109
"197901EJJHD44",2,2,1,3,0,0,0,109
"197901HLLBD97",1,1,3,3,6,9,0,0
"1979463202899",1,1,3,2,8,3,0,0
"197901HCRAV99",1,1,1,3,0,0,0,109
"197901HHCG257",1,1,1,3,0,0,0,109
"1979420020409",1,2,2,3,0,0,0,2
"19799379W1796",1,1,1,2,0,0,0,109
"197997DB05207",1,1,2,3,0,0,0,19
"197906M001685",2,2,2,3,0,0,1,109
"1979440GA0265",1,3,2,3,0,0,0,11
"197920DNNK405",2,1,1,3,0,0,0,109
"197901AAMDP96",2,2,2,3,0,0,1,109
"197901JNTGF05",1,1,3,3,1,9,0,0
"197907JLNB280",1,1,1,2,0,0,0,104
"1979355107479",1,1,1,3,0,0,0,109
"197997RA06606",2,1,2,3,0,0,1,109
"197901H3LIV69",1,1,1,2,0,0,0,104
"19793379N0343",1,3,2,3,0,0,2,109
"1979927903788",1,2,2,2,0,0,2,108
"1979557920532",1,3,2,3,0,0,2,109
"197932D106979",1,1,1,2,0,0,0,104
"197954CW01389",1,2,2,3,0,0,2,109
"197901IOHKC63",1,3,3,3,6,9,0,0
"1979309D01630",2,1,1,3,0,0,0,104
"197996YK11011",1,3,1,3,0,0,0,109
"1979910090215",2,2,1,2,0,0,0,109
"197913Q250579",1,1,1,2,0,0,0,109
"197906J002276",1,1,1,3,0,0,0,109
"1979314313247",1,1,1,3,0,0,0,104
"197901GBACO41",2,1,1,3,0,0,0,109
"1979219200522",1,1,1,3,0,0,0,2
"197912D006879",2,2,1,2,0,0,0,109
"19794000C1710",1,1,1,3,0,0,0,2
"197995879F013",1,1,3,2,5,4,0,0
"197954AL02419",1,1,1,2,0,0,0,109
"197913A069179",1,1,3,3,5,4,0,0
"197997UA41205",1,1,1,3,0,0,0,109
"1979360040304",1,1,3,3,5,1,0,0
"197913K170479",1,1,3,3,5,1,0,0
"197934AK00301",2,3,2,3,0,0,0,11
"197932D071579",1,1,1,3,0,0,0,109
"197997FB09406",2,1,2,3,0,0,2,109
"197901ILVJC97",4,1,1,3,0,0,0,104
"197912A233779",2,2,1,2,0,0,0,104
"197947CA90626",1,1,1,3,0,0,0,109
"1979309A01521",1,4,2,3,0,0,1,109
"197995979B049",1,1,1,2,0,0,0,109
"197901LCUCX37",1,1,3,3,5,9,0,0
"197934CN00522",1,1,3,2,5,2,0,0
"19793379E0175",1,1,1,3,0,0,0,109
"1979620G04170",2,1,1,3,0,0,0,104
"197920LNOGO00",1,1,1,3,0,0,0,103
"197932D133779",1,1,1,3,0,0,0,2
"197997KA04609",1,2,2,2,0,0,0,104
"197912A028779",1,1,1,2,0,0,0,109
"197905G200666",1,1,3,3,5,3,0,0
"197937C1OF310",1,1,3,1,5,9,0,0
"197906P002263",2,2,2,3,0,0,2,109
"1979420050139",1,1,3,3,6,8,0,0
"19796379C0386",1,1,3,2,5,3,0,0
"197920LHWHO70",1,1,1,1,0,0,0,109
"1979440CC0263",1,1,2,3,0,0,1,109
"197901BQFAC99",1,1,2,3,0,0,2,108
"197901A4UBD75",1,1,3,2,5,9,0,0
"197947TA90121",2,1,1,3,0,0,0,1
"197947SA90044",2,2,1,3,0,0,0,109
"19794141F1249",1,1,2,3,0,0,1,109
"1979315211200",2,1,1,2,0,0,0,109
"197913H164879",1,4,2,3,0,0,2,109
"197950A122005",2,1,1,3,0,0,0,1
"197906A000851",1,1,3,3,5,3,0,0
"197943B062099",1,1,1,3,0,0,0,109
"1979220211002",1,1,1,2,0,0,0,104
"197920L3SLO50",1,2,2,3,0,0,1,109
"197901BMLJC21",1,1,1,3,0,0,0,109
"197906N001759",1,1,1,3,0,0,0,104
"197901IPODF93",1,1,1,3,0,0,0,1
"197906J000010",1,1,2,2,0,0,1,109
"197906D001443",1,1,1,3,0,0,0,104
"1979530EI0599",2,1,2,3,0,0,1,109
"197901KSIEC24",1,1,3,3,6,9,0,0
"197901BHXGV94",2,1,2,3,0,0,1,109
"1979462104159",1,1,2,3,0,0,2,109
"197995N79D036",1,1,3,2,5,1,0,0
"1979910070030",1,1,1,2,0,0,0,109
"1979219300294",1,1,3,3,6,5,0,0
"1979927904108",1,1,3,3,5,1,0,0
"197912A088879",2,1,1,3,0,0,0,1
"1979040DD1315",1,1,2,2,0,0,1,109
"1979927902630",1,1,1,2,0,0,0,109
"197913K185179",2,1,2,3,0,0,1,108
"197947SA90567",2,1,1,2,0,0,0,104
"197947NA90986",1,2,2,3,0,0,1,109
"197906K000967",2,1,1,3,0,0,0,104
"197901LKMIF29",1,1,2,3,0,0,0,11
"1979230002131",1,1,1,3,0,0,0,109
"197947CA91212",1,1,1,2,0,0,0,109
"197943H028129",1,1,1,3,0,0,0,104
"1979557921057",1,1,3,2,5,3,0,0
"1979440FP0209",2,1,2,3,0,0,0,11
"197907KAMIE00",1,1,2,3,0,0,1,109
"197901J5XJE85",2,3,2,3,0,0,-1,109
"19794141B1191",1,1,1,3,0,0,0,109
"1979600B13051",1,1,1,3,0,0,0,104
"19799379C0706",1,1,3,1,5,1,0,0
"197913L043079",1,1,1,2,0,0,0,109
"19794141E2052",1,1,1,3,0,0,0,2
"1979360041159",1,1,1,1,0,0,0,1
"197901K6PIQ62",2,1,1,3,0,0,0,1
"1979230001565",1,1,1,3,0,0,0,1
"1979355051479",2,1,1,3,0,0,0,1
"1979040BA0320",1,2,1,3,0,0,0,104
"19793379N0500",2,1,1,2,0,0,0,104
"197906K002969",1,1,1,3,0,0,0,104
"1979119BD0514",2,2,1,3,0,0,0,109
"1979219300328",1,1,1,3,0,0,0,109
"197901E1TEV33",1,1,3,3,6,9,0,0
"197920G7SJO50",1,2,1,3,0,0,0,104
"1979440HG0297",1,1,2,3,0,0,0,1
"197952FBC0690",1,1,1,3,0,0,0,104
"197920JINFC50",1,1,1,3,0,0,0,19
"1979910040355",1,2,2,2,0,0,2,109
"197913P156679",1,1,1,3,0,0,0,109
"197901IDHLE28",2,1,1,3,0,0,0,104
"1979420030485",2,2,2,3,0,0,1,109
"1979219200657",1,1,1,3,0,0,0,109
"1979040JF1410",1,1,3,3,5,3,0,0
"1979600C04143",1,2,2,3,0,0,1,109
"197937DJSB311",2,1,1,3,0,0,0,1
"197903BLHJ565",1,1,1,3,0,0,0,109
"1979314301478",2,1,1,3,0,0,0,1
"197934CS00661",1,2,2,3,0,0,1,109
"1979219500191",2,1,1,3,0,0,0,109
"1979219300651",1,1,3,3,1,1,0,0
"19796379B0287",1,1,1,2,0,0,0,1
"197901KRNCU46",1,1,1,3,0,0,0,104
"197901JPHGE86",1,1,3,3,1,9,0,0
"1979530WI0882",1,1,1,2,0,0,0,109
"197997RA00208",2,1,1,2,0,0,0,2
"197901I6LJF01",1,1,1,3,0,0,0,104
"197901AQBDU87",1,1,1,3,0,0,0,19
"1979420030511",1,1,3,3,5,1,0,0
"1979463105349",1,1,2,3,0,0,1,109
"197913H110979",1,1,1,3,0,0,0,103
"1979557923978",2,1,1,3,0,0,0,1
"197913N066579",1,1,1,3,0,0,0,104
"1979947901977",2,1,1,2,0,0,0,104
"1979910040357",1,1,1,3,0,0,0,109
"1979420080559",1,1,1,3,0,0,0,1
"197945AW00084",2,1,1,2,0,0,0,1
"197910G016279",1,1,3,3,5,2,0,0
"197995N79A048",1,1,3,2,5,3,0,0
"197906J001304",1,1,1,3,0,0,0,109
"197901D9PIU79",1,1,3,3,5,6,0,0
"1979040BD1543",1,1,3,3,5,1,0,0
"197906B000474",1,1,1,3,0,0,0,109
"1979440JC0530",1,1,1,3,0,0,0,109
"1979465303559",1,1,1,3,0,0,0,109
"1979360020933",1,1,2,3,0,0,1,109
"197912A043979",1,1,3,3,5,4,0,0
"197950L810555",2,1,1,2,0,0,0,104
"197901LLVAP53",1,1,1,3,0,0,0,109
"1979219600179",2,2,1,3,0,0,0,104
"1979230000317",2,2,1,3,0,0,0,1
"197920KRTKO90",2,1,1,3,0,0,0,104
"1979040DB0738",2,1,1,3,0,0,0,109
"1979420030033",1,1,1,2,0,0,0,104
"197913K086579",1,1,3,3,5,3,0,0
"197996KS04137",1,1,3,3,5,3,0,0
"197997NB01811",2,1,1,3,0,0,0,109
"197932A000479",1,4,2,2,0,0,0,11
"197906P001830",1,1,3,3,4,1,0,0
"197912C160279",1,1,1,2,0,0,0,109
"1979219500633",1,1,1,3,0,0,0,104
"197905D200570",1,1,3,3,5,3,0,0
"197943F066039",3,3,3,3,9,5,0,0
"197943G045019",1,1,3,3,5,4,0,0
"1979910020147",1,2,2,2,0,0,1,109
"1979440FC0227",1,1,3,2,5,3,0,0
"197906D000117",2,1,1,3,0,0,0,104
"197901GVOGU51",1,1,1,3,0,0,0,1
"1979360041130",2,1,1,3,0,0,0,109
"197901DBQIE62",1,1,3,2,1,9,0,0
"197901EHRGV64",1,1,1,3,0,0,0,19
"197901KUQEM09",2,2,1,3,0,0,0,90
"19794000D1738",1,1,1,3,0,0,0,109
"197996YA07048",1,1,1,3,0,0,0,109
"197901C3LII56",1,1,1,3,0,0,0,104
"19793379C0106",1,1,3,3,4,1,0,0
"197997LA00909",1,1,3,3,5,3,0,0
"197943A021109",1,1,1,3,0,0,0,104
"197954DW02329",2,1,1,3,0,0,0,104
"197901FRHIC78",1,1,1,3,0,0,0,1
"197901B8RFC50",1,1,2,3,0,0,0,11
"1979119BE1280",1,1,3,3,5,1,0,0
"197913F025879",2,1,1,3,0,0,0,2
"1979040GK0478",1,2,1,3,0,0,0,109
"197920GPIGB00",1,1,3,2,5,6,0,0
"197997KB12109",2,1,2,3,0,0,1,109
"197901LOXAE32",1,1,1,3,0,0,0,104
"197901E8WDE53",2,1,1,2,0,0,0,104
"197901E5NBD24",1,1,3,3,5,6,0,0
"197954AT03899",2,1,1,3,0,0,0,104
"197903J102090",1,1,3,2,5,2,0,0
"197905F200835",1,1,1,1,0,0,0,104
"19799379C2407",1,1,1,3,0,0,0,109
"197901FSSGC61",1,2,2,3,0,0,0,104
"197901K2RIJ50",1,1,2,3,0,0,1,109
"197906Q000831",2,1,1,3,0,0,0,1
"197901C6RCK65",1,1,3,3,5,9,0,0
"1979467200789",1,2,2,3,0,0,1,109
"1979219600152",2,1,2,3,0,0,1,109
"197912B144779",1,1,2,3,0,0,2,109
"197997RB00411",2,2,1,3,0,0,0,109
"1979220604057",1,1,1,2,0,0,0,109
"1979119AA0388",1,2,2,3,0,0,1,109
"197914B100814",1,1,1,3,0,0,0,108
"197901FSHGU80",1,1,3,3,10,5,0,0
"1979440AG0173",1,1,1,2,0,0,0,104
"197901E9TDE15",1,1,1,3,0,0,0,109
"197914B100444",2,2,1,3,0,0,0,109
"197903E205490",2,1,1,2,0,0,0,104
"197995879B033",1,1,3,2,5,1,0,0
"1979040CG1790",2,1,1,2,0,0,0,104
"197916K090318",1,1,1,3,0,0,0,104
"197914B101397",1,1,3,2,6,8,0,0
"197901ELMEC46",1,1,1,3,0,0,0,104
"197916L030499",2,2,2,2,0,0,0,104
"197901GBJJW96",1,1,1,3,0,0,0,109
"19794141C2302",1,1,1,2,0,0,0,109
"197954DD13709",2,1,1,3,0,0,0,19
"1979467106649",1,1,2,2,0,0,0,90
"1979557911840",1,1,3,3,1,1,0,0
"197901EISEC81",1,1,3,3,2,9,0,0
"197937KARJV30",1,1,1,1,0,0,0,104
"197903BDHK363",1,1,1,3,0,0,0,109
"1979420050929",1,2,1,3,0,0,0,19
"197913N167879",1,1,3,3,6,9,0,0
"197901EHUHC14",1,1,3,2,5,9,0,0
"197997DA02010",1,1,1,2,0,0,0,104
"19793379N0188",1,1,1,3,0,0,0,109
"197901D3HJF30",2,1,1,3,0,0,0,1
"197920KHQDO60",1,1,1,3,0,0,0,19
"1979440GW0141",1,1,1,3,0,0,0,2
"197943C075129",1,1,1,3,0,0,0,109
"197996VBB1211",1,1,1,2,0,0,0,109
"1979040BA0897",1,1,2,3,0,0,1,109
"197901JEXAE78",1,2,2,3,0,0,0,104
"197913E102179",2,1,1,3,0,0,0,1
"19799379W1328",1,1,1,2,0,0,0,104
"197943H047129",2,1,1,3,0,0,0,104
"1979530EI0457",2,2,2,2,0,0,0,104
"1979980722259",1,1,1,3,0,0,0,104
"197901FETIR23",2,1,1,3,0,0,0,1
"197950G530177",1,1,2,2,0,0,1,109
"197997GA07706",1,1,1,3,0,0,0,1
"197906L002567",1,1,3,3,5,3,0,0
"197901F5QGC16",2,1,1,3,0,0,0,1
"19796379D0262",2,8,2,3,0,0,2,109
"1979219600476",1,1,1,3,0,0,0,109
"197906K002036",1,1,3,2,5,1,0,0
"197945BC00253",1,1,3,3,6,7,0,0
"197943F013019",1,1,1,3,0,0,0,109
"19794000D2324",2,1,1,3,0,0,0,109
"197952GFS0597",1,2,2,2,0,0,1,109
"197901LKBFE77",1,3,2,3,0,0,2,109
"1979464106459",2,1,1,3,0,0,0,104
"197901HLXDC90",3,4,2,3,0,0,-1,109
"197906J000704",2,2,2,3,0,0,0,19
"197912D050679",2,1,1,2,0,0,0,1
"197945BD00337",1,1,1,3,0,0,0,104
"1979620B02750",1,1,2,3,0,0,0,90
"197901LEHLD69",1,1,3,3,5,9,0,0
"1979360011481",2,1,2,2,0,0,1,109
"197901B5VCD07",1,1,3,2,1,9,0,0
"1979040KK0765",1,2,2,3,0,0,0,104
"197920IFQDC00",1,1,1,3,0,0,0,109
"197912C072279",1,1,1,3,0,0,0,109
"197910H032479",2,1,1,3,0,0,0,104
"197903AGQG365",1,1,1,3,0,0,0,19
"19799379W2359",1,1,1,3,0,0,0,109
"197906M001595",1,1,3,3,4,3,0,0
"197937E9SG613",1,5,2,3,0,0,2,109
"1979440GW0055",2,1,1,3,0,0,0,109
"197954CM02149",1,1,1,3,0,0,0,104
"197910F059979",1,1,3,3,5,1,0,0
"1979981226465",2,2,2,3,0,0,1,109
"197920FNDK305",1,1,1,2,0,0,0,109
"197937JTXGV65",1,3,3,3,10,5,0,0
"197997LF01707",1,1,1,2,0,0,0,109
"197997EA06308",1,1,1,3,0,0,0,1
"19793379E0337",1,1,1,3,0,0,0,109
"1979355080479",2,1,1,3,0,0,0,1
"197905L100519",1,1,1,3,0,0,0,109
"197954AN05999",1,1,3,2,5,1,0,0
"197920GDKKO70",1,1,1,3,0,0,0,109
"197932D106879",1,1,1,2,0,0,0,104
"1979220209013",1,1,1,2,0,0,0,109
"197950B220863",1,1,1,1,0,0,0,90
"197901B1KAW00",1,1,2,3,0,0,1,109
"197947XA90442",2,2,2,3,0,0,2,109
"1979440KF0119",2,1,1,3,0,0,0,1
"1979420050019",1,4,2,3,0,0,2,109
"1979354065279",2,1,1,3,0,0,0,104
"197901CCVDF16",2,3,2,3,0,0,-1,109
"197997PA00703",1,1,3,2,5,1,0,0
"1979440BS0277",2,1,1,2,0,0,0,109
"197952BRO1334",1,1,3,3,6,1,0,0
"1979040HJ1055",2,1,1,3,0,0,0,109
"1979440JH0040",1,1,3,3,9,7,0,0
"197952MYE0596",1,1,3,1,4,1,0,0
"1979220212042",2,1,1,2,0,0,0,1
"19794141A3018",2,1,1,3,0,0,0,104
"197950B191135",1,1,1,2,0,0,0,104
"197901KBMGK19",1,1,1,3,0,0,0,1
"197901FSWIU81",1,1,3,3,5,6,0,0
"1979440BT0065",1,1,1,2,0,0,0,104
"197937LMNLD00",2,1,2,3,0,0,1,109
"197952FBA1180",1,1,1,3,0,0,0,104
"197997KB12604",1,1,1,3,0,0,0,104
"19794141C2106",1,1,1,3,0,0,0,2
"197920GSNDO50",1,1,3,3,5,9,0,0
"197920EJSB509",1,1,3,3,5,6,0,0
"197917D200563",1,1,2,3,0,0,0,104
"197920EJOE509",2,1,1,3,0,0,0,1
"197950J671068",1,1,3,2,5,1,0,0
"197913A098779",2,1,1,3,0,0,0,104
"197901K8HKF58",1,2,1,3,0,0,0,104
"197901HJVAD73",1,1,1,3,0,0,0,104
"1979530NI0372",1,1,2,3,0,0,1,109
"197943E017019",1,3,2,3,0,0,2,109
"197912B186179",2,1,1,3,0,0,0,109
"1979600B01118",1,1,1,3,0,0,0,109
"197901ADNGE89",2,1,1,2,0,0,0,1
"197901L2SEI22",1,1,2,3,0,0,-1,109
"1979355065879",2,1,1,3,0,0,0,109
"197905E200418",2,1,2,3,0,0,0,11
"1979220101029",1,2,1,3,0,0,0,109
"197912B060179",1,1,1,2,0,0,0,1
"197995879G016",1,2,1,3,0,0,0,109
"1979355121179",1,1,1,3,0,0,0,109
"197901JGIDD33",1,1,3,3,2,9,0,0
"197901CCVDF16",1,2,1,3,0,0,0,109
"1979312111180",1,2,3,3,9,5,0,0
"197913P148779",2,1,1,3,0,0,0,104
"197950J921011",2,1,1,3,0,0,0,1
"197943G022079",1,1,1,3,0,0,0,2
"1979981056397",2,3,2,3,0,0,1,109
