"collision_index","longitude","latitude","date","time","road_type","speed_limit","junction_detail","junction_control","pedestrian_crossing","light_conditions","weather_conditions","road_surface_conditions","carriageway_hazards","urban_or_rural_area","area"
"1998929800391",,,"29/01/1998","11:00",6,30,0,-1,0,1,1,1,0,2,Grampian
"1996950661096",,,"01/07/1996","16:20",6,30,16,4,0,1,1,1,0,1,Lothian and Borders
"2006620156303",-3.439174,51.709038,"01/09/2006","14:15",6,30,13,4,0,1,1,1,0,1,South Wales
"2019010177739",-0.029082,51.470486,"29/04/2019","09:01",6,20,19,4,14,1,1,1,0,1,Metropolitan Police
"2008960800773",-3.816291,56.049294,"15/03/2008","11:15",6,60,0,-1,0,1,1,1,0,2,Central
"199997FC01903",-4.163517,55.820534,"18/03/1999","12:00",3,30,0,-1,0,1,1,1,21,1,Strathclyde
"200363AC32103",-3.91004,51.80223,"25/07/2003","22:32",6,30,0,-1,0,4,1,1,0,2,Dyfed-Powys
"2004620121636",-3.20041,51.513897,"25/11/2004","07:45",6,30,13,4,13,1,1,1,0,1,South Wales
"2011921103725",-2.109006,57.696278,"18/10/2011","21:50",6,60,0,-1,0,6,5,2,0,2,Grampian
"201497KB00701",-4.621566,55.803864,"10/01/2014","12:20",6,60,13,4,0,1,2,2,0,2,Strathclyde
"2022991145836",-4.345775,55.8221,"21/02/2022","16:40",6,30,0,4,0,1,1,1,0,1,Police Scotland
"2005070502648",-2.006261,53.25022,"18/06/2005","15:30",6,50,13,4,0,1,1,1,0,2,Cheshire
"2001950003530",-3.385039,55.690865,"17/04/2001","16:45",6,60,0,-1,0,1,2,2,0,2,Lothian and Borders
"201897GP70612",-4.270217,55.859947,"24/12/2018","16:11",3,50,0,-1,0,4,1,1,0,1,Strathclyde
"2005610019305",-3.046426,51.674168,"08/03/2005","11:56",6,60,0,-1,0,1,1,2,15,2,Gwent
"2002050094016",-2.973225,53.433044,"01/05/2002","12:30",6,30,16,4,0,1,1,1,0,1,Merseyside
"201101SX20451",-0.182219,51.60901,"20/05/2011","12:52",6,30,13,4,13,1,1,1,0,1,Metropolitan Police
"200701QK65006",-0.265859,51.56684,"09/07/2007","06:45",6,30,0,-1,0,1,1,1,0,1,Metropolitan Police
"201001KD50612",0.226822,51.503036,"17/11/2010","20:15",3,60,13,4,0,4,2,2,0,2,Metropolitan Police
"199801XH00502",,,"11/06/1998","17:44",6,30,0,-1,0,1,1,1,0,1,Metropolitan Police
"2023010424647",-0.010374,51.461243,"31/01/2023","23:08",6,20,13,4,13,4,1,2,0,1,Metropolitan Police
"2006070601186",-2.49332,53.286144,"29/03/2006","08:29",6,60,13,4,0,1,1,1,0,2,Cheshire
"199797NA00805",,,"05/05/1997","14:50",6,40,0,-1,0,1,2,2,0,2,Strathclyde
"2008608067188",-4.134344,52.92173,"11/04/2008","16:00",6,30,19,4,0,1,1,1,0,2,North Wales
"1997600FL5054",,,"16/06/1997","12:00",6,30,0,-1,0,1,1,1,0,1,North Wales
"200263AC26602",-3.911966,51.933308,"27/06/2002","05:55",6,60,18,4,0,1,1,1,0,2,Dyfed-Powys
"2016621601060",-3.440583,51.617104,"22/06/2016","17:32",6,40,13,4,0,1,2,2,0,2,South Wales
"2009610038509",-3.176816,51.582565,"22/06/2009","17:00",6,60,0,-1,0,1,1,1,0,2,Gwent
"1996030002255",,,"24/08/1996","21:08",6,60,0,-1,0,6,2,2,0,2,Cumbria
"2011941101775",-3.166934,56.180782,"30/09/2011","15:55",1,40,0,4,0,1,1,1,0,1,Fife
"199997AB00209",-4.26101,55.86372,"03/09/1999","21:45",12,30,16,4,0,4,2,2,0,1,Strathclyde
"200397ND01307",-4.025219,55.807255,"12/07/2003","19:10",6,30,13,4,0,1,1,1,0,1,Strathclyde
"2004950005118",-3.137702,55.96019,"18/06/2004","13:17",6,30,13,4,0,1,1,1,0,1,Lothian and Borders
"2006600DE2054",-3.475662,53.314983,"29/04/2006","18:30",6,30,13,4,0,1,1,1,0,1,North Wales
"201091NM01935",-3.862727,57.585045,"23/02/2010","09:38",6,30,13,4,0,1,1,4,0,2,Northern
"200263CP14602",-5.146553,51.727592,"07/06/2002","14:00",6,60,0,-1,0,1,1,1,0,2,Dyfed-Powys
"2023631339088",-3.458595,52.53205,"07/08/2023","14:40",6,50,0,-1,0,1,1,1,0,2,Dyfed-Powys
"2004030000614",-3.557573,54.646004,"21/02/2004","21:25",12,30,0,-1,0,4,1,1,0,1,Cumbria
"2017961701129",-4.245062,56.38961,"12/12/2017","16:55",6,60,18,4,0,6,2,4,0,2,Central
"2009950009910",-3.509541,55.981808,"11/12/2009","06:36",6,50,13,4,0,6,7,2,0,2,Lothian and Borders
"1998600AN3009",,,"14/03/1998","19:55",6,60,0,-1,0,7,1,1,0,2,North Wales
"2024631464399",-4.78779,51.74836,"06/07/2024","17:40",6,60,16,4,0,1,1,1,0,2,Dyfed-Powys
"2018621800104",-3.198283,51.44777,"20/01/2018","20:36",6,30,13,4,0,4,1,1,0,1,South Wales
"2017621700390",-3.420752,51.75639,"04/03/2017","20:54",6,60,0,-1,0,4,1,2,0,2,South Wales
"2008030002953",-3.085299,54.259026,"29/10/2008","06:04",6,60,0,-1,0,6,8,4,0,2,Cumbria
"199801YF00561",,,"14/08/1998","22:30",6,30,0,-1,17,4,1,1,0,1,Metropolitan Police
"199897GC43407",,,"20/07/1998","22:55",1,30,0,4,0,4,1,1,0,1,Strathclyde
"2002950004892",-3.131286,55.904987,"02/06/2002","14:05",6,30,0,-1,0,1,2,2,0,1,Lothian and Borders
"201197GE02609",-4.268083,55.836987,"29/09/2011","08:25",2,30,16,4,0,1,1,1,0,1,Strathclyde
"1999610057099",-3.040799,51.643196,"08/05/1999","18:30",6,30,13,4,0,1,1,1,0,1,Gwent
"2005030000646",-3.187415,54.16369,"04/03/2005","16:05",6,60,0,4,0,1,1,1,0,2,Cumbria
"199797QA02701",,,"22/01/1997","09:00",3,70,13,4,0,1,1,1,0,1,Strathclyde
"2002950006419",-3.17951,55.939133,"21/07/2002","15:00",6,30,16,2,15,1,1,1,0,1,Lothian and Borders
"2002610091502",-3.208448,51.703007,"29/08/2002","11:20",1,30,0,4,0,1,1,1,0,2,Gwent
"201963A011919",-4.240867,51.685375,"14/02/2019","18:10",6,30,13,4,0,4,1,1,0,2,Dyfed-Powys
"200304C080003",-2.71772,53.678715,"12/09/2003","16:54",6,60,18,4,0,1,1,1,11,2,Lancashire
"200504EL05021",-2.337196,53.764523,"06/06/2005","08:58",3,70,0,-1,0,1,1,1,0,2,Lancashire
"201304CL13152",-2.687528,53.723045,"04/08/2013","17:52",6,30,0,-1,0,1,2,2,0,1,Lancashire
"201304BB13134",-2.886715,54.054367,"23/10/2013","22:54",6,20,13,4,0,4,1,2,0,1,Lancashire
"2000920000417",-2.367033,57.165085,"01/02/2000","08:10",6,60,18,4,0,1,1,2,0,2,Grampian
"2009920904266",-1.869433,57.41977,"08/10/2009","12:00",6,60,0,-1,0,1,2,2,0,2,Grampian
"199604B060896",,,"05/11/1996","10:56",6,30,13,4,0,1,1,1,0,1,Lancashire
"199701ZP01068",,,"31/10/1997","08:55",6,30,18,4,0,1,1,1,0,1,Metropolitan Police
"2000950011786",,,"18/12/2000","22:15",6,60,0,-1,0,6,1,1,0,3,Lothian and Borders
"199904D020099",-2.739457,53.76146,"19/04/1999","15:47",6,30,0,-1,0,1,1,1,0,1,Lancashire
"2002920203803",-2.019947,57.429718,"18/11/2002","15:00",6,60,0,-1,0,1,1,2,0,2,Grampian
"2018930000383",-2.674714,56.635624,"18/10/2018","10:20",6,60,13,4,0,1,1,1,0,2,Tayside
"199797AB04302",,,"26/02/1997","09:45",6,30,0,-1,0,1,1,1,0,1,Strathclyde
"1996600WR4013",,,"24/05/1996","16:30",6,60,16,4,0,1,1,1,0,2,North Wales
"200397KB42209",-4.394147,55.874146,"16/09/2003","17:30",6,30,13,4,13,1,4,1,0,1,Strathclyde
"2009950005918",-3.641219,55.900505,"05/08/2009","22:04",6,30,19,4,0,1,1,1,0,1,Lothian and Borders
"2015950001627",-3.63964,55.901173,"03/04/2015","16:40",6,30,13,4,0,1,1,1,0,1,Lothian and Borders
"199697EB02308",,,"08/08/1996","16:05",6,30,13,4,0,1,1,1,0,1,Strathclyde
"201597AD70106",-4.332172,55.873024,"06/06/2015","23:10",6,30,0,-1,14,4,4,1,0,1,Strathclyde
"199762F015097",,,"08/05/1997","07:20",6,40,0,-1,0,1,1,1,0,2,South Wales
"200304C099503",-2.887662,53.567017,"12/09/2003","07:20",3,30,13,2,0,1,1,1,0,1,Lancashire
"2010620198641",-3.16113,51.499367,"04/03/2010","16:20",6,30,16,2,15,1,1,1,0,1,South Wales
"201301JC30171",-0.006177,51.57899,"19/04/2013","19:10",6,30,13,4,0,1,1,1,0,1,Metropolitan Police
"2008950009907",-3.156752,55.927574,"15/11/2008","07:50",6,30,0,-1,0,1,1,1,15,2,Lothian and Borders
"2008940802057",-3.292372,56.078175,"13/09/2008","04:20",6,60,0,-1,0,6,2,2,0,2,Fife
"200897AD04102",-4.338208,55.87441,"20/02/2008","21:20",6,30,0,-1,0,4,1,1,0,1,Strathclyde
"199404J115894",,,"09/11/1994","09:05",6,30,13,4,0,1,2,2,0,1,Lancashire
"200197KX02806",-4.801019,55.944836,"15/06/2001","15:30",6,30,13,4,0,1,2,2,0,1,Strathclyde
"200501XH30395",-0.410531,51.518623,"09/08/2005","13:55",3,40,13,4,0,1,4,1,0,1,Metropolitan Police
"200701NI65137",-0.126091,51.551563,"20/07/2007","20:30",6,30,16,2,15,1,1,1,0,1,Metropolitan Police
"200701JC65634",-0.002922,51.561043,"14/07/2007","13:35",6,30,13,4,0,1,1,1,0,1,Metropolitan Police
"1995075C30207",,,"04/02/1995","16:45",6,60,0,-1,0,6,1,2,0,2,Cheshire
"2013030000813",-2.643703,54.21402,"20/04/2013","13:20",6,40,0,-1,0,1,1,1,0,2,Cumbria
"199991NN21832",-4.657357,57.163536,"21/07/1999","19:40",6,60,0,-1,0,1,2,2,0,2,Northern
"2007620167491",-3.192777,51.480972,"30/05/2007","20:30",6,30,17,4,0,1,2,2,0,1,South Wales
"200263DP14702",-3.175697,52.616653,"10/05/2002","11:03",6,60,18,4,0,1,1,1,0,2,Dyfed-Powys
"1997050090712",,,"30/04/1997","08:35",3,70,0,-1,0,1,1,1,13,2,Merseyside
"201201KG70314",0.161101,51.55148,"08/09/2012","14:00",6,30,16,2,15,1,1,1,0,1,Metropolitan Police
"200001YR00375",-0.086195,51.581043,"13/04/2000","19:30",6,30,0,4,0,1,2,2,0,1,Metropolitan Police
"201201LX50396",-0.123382,51.47715,"02/06/2012","11:23",6,30,16,2,15,1,1,1,0,1,Metropolitan Police
"2020010236962",0.020298,51.517174,"17/02/2020","08:55",3,30,0,-1,0,1,1,2,0,1,Metropolitan Police
"199901MD00446",-0.093191,51.50355,"23/08/1999","11:57",12,30,0,-1,0,1,1,1,0,1,Metropolitan Police
"200701ZT80192",-0.214435,51.36544,"21/09/2007","03:47",6,40,0,-1,0,4,8,2,0,1,Metropolitan Police
"2020010249639",-0.018586,51.58101,"29/05/2020","17:00",3,30,13,4,15,1,1,1,0,1,Metropolitan Police
"199801WA00607",,,"02/12/1998","07:25",6,30,13,4,0,1,1,1,0,1,Metropolitan Police
"199797GC42304",,,"26/04/1997","11:40",6,50,0,-1,0,1,2,2,0,2,Strathclyde
"1998950178398",,,"17/02/1998","12:05",3,70,0,-1,0,1,1,1,0,2,Lothian and Borders
"2009930001522",-2.879545,56.638054,"19/04/2009","19:00",6,30,13,4,0,1,1,1,0,1,Tayside
"1996030002851",,,"21/10/1996","08:29",3,60,0,-1,0,1,1,1,0,2,Cumbria
"199904D018299",-2.659136,53.824394,"08/04/1999","10:25",6,30,13,4,0,1,1,2,0,2,Lancashire
"200496E403543",-4.357525,56.005714,"28/12/2004","19:30",6,60,0,-1,0,6,2,2,0,2,Central
"201497AD03709",-4.293072,55.875935,"29/09/2014","16:55",7,30,0,-1,15,1,1,1,0,1,Strathclyde
"200704BA07036",-2.819649,54.007576,"25/02/2007","08:45",2,60,0,-1,0,1,8,2,0,2,Lancashire
"201197QC02910",-3.813032,55.57807,"22/10/2011","02:00",6,60,13,4,0,4,1,1,0,2,Strathclyde
"2000920003100",-2.111768,57.120476,"21/08/2000","08:20",6,30,0,-1,0,1,9,2,0,1,Grampian
"2004950000901",-3.203348,55.943752,"30/01/2004","20:10",6,30,17,2,0,4,1,2,0,1,Lothian and Borders
"201297LA03212",-4.470082,55.929447,"16/12/2012","23:30",3,70,0,-1,0,4,1,1,0,2,Strathclyde
"200797EC01802",-4.229625,55.876606,"16/02/2007","18:50",6,30,0,-1,0,4,1,1,0,1,Strathclyde
"199663B542096",,,"22/11/1996","16:50",6,30,0,-1,0,4,1,2,0,1,Dyfed-Powys
"2018010094680",0.129824,51.56128,"07/03/2018","14:16",6,30,0,-1,0,1,9,9,0,1,Metropolitan Police
"200601YE80251",-0.052672,51.683098,"11/04/2006","16:33",3,70,0,-1,0,1,1,2,0,2,Metropolitan Police
"201401RG40509",0.008734,51.491596,"01/09/2014","06:45",3,30,0,2,0,1,1,1,0,1,Metropolitan Police
"2018010110824",-0.090493,51.50599,"28/05/2018","06:10",6,20,0,-1,0,7,1,1,0,1,Metropolitan Police
"2017030148555",-3.573029,54.53928,"21/01/2017","18:00",6,30,0,-1,0,4,9,1,0,1,Cumbria
"2017030156279",-2.923565,54.183468,"15/02/2017","19:30",6,30,0,-1,0,1,1,2,0,2,Cumbria
"201104BA11166",-2.795473,54.03687,"01/09/2011","17:10",6,30,13,4,0,1,1,1,0,1,Lancashire
"199997UC04409",-4.449353,55.630913,"24/09/1999","08:30",6,60,0,-1,0,1,1,2,0,2,Strathclyde
"200297UA08609",-4.604958,55.615032,"24/09/2002","15:45",6,30,16,4,0,1,1,1,0,2,Strathclyde
"199897FB02511",,,"08/11/1998","20:50",3,30,13,2,15,4,5,2,0,1,Strathclyde
"201597GA01110",-4.310084,55.86206,"08/10/2015","13:50",6,30,13,2,15,1,1,1,0,1,Strathclyde
"199962G030499",-3.859181,51.65881,"24/09/1999","16:45",6,40,0,-1,0,1,2,2,0,2,South Wales
"2015930000499",-3.017355,56.53303,"04/10/2015","04:00",6,60,18,4,0,6,8,1,0,2,Tayside
"199804F036798",,,"03/06/1998","21:30",6,30,16,2,0,1,1,1,0,1,Lancashire
"200304B044503",-2.592672,54.173477,"21/07/2003","20:01",6,60,0,-1,0,1,1,1,0,2,Lancashire
"199763B503697",,,"31/01/1997","06:45",6,60,0,-1,0,6,8,4,0,2,Dyfed-Powys
"200997QD00711",-4.187752,55.82568,"05/11/2009","22:35",6,30,13,2,0,4,2,2,0,1,Strathclyde
"2006940602050",-3.182704,56.127796,"08/09/2006","18:00",6,20,13,4,0,1,1,1,0,1,Fife
"1999620007032",-3.15508,51.488007,"25/12/1999","18:22",6,30,13,4,0,4,1,2,0,1,South Wales
"200263CP10002",-4.762678,51.80947,"26/04/2002","00:40",6,60,0,-1,0,7,1,1,0,2,Dyfed-Powys
"199962J033799",-3.974225,51.65441,"15/11/1999","18:24",6,30,18,4,0,4,2,2,0,1,South Wales
"199401KG00432",,,"26/07/1994","10:45",6,30,18,4,0,1,2,2,0,1,Metropolitan Police
"201201ZD30515",-0.017046,51.342213,"15/07/2012","14:48",6,30,13,4,0,1,1,1,0,1,Metropolitan Police
"200901YR90599",-0.088752,51.60267,"21/08/2009","18:00",3,30,13,4,0,1,1,1,0,1,Metropolitan Police
"2017010047029",-0.217578,51.380566,"06/07/2017","19:19",6,30,13,4,0,1,1,1,0,1,Metropolitan Police
"2019070558313",-2.120052,53.25661,"27/09/2019","13:30",6,30,16,2,0,1,2,2,0,1,Cheshire
"199506N161795",,,"05/02/1995","18:33",6,30,16,3,0,4,1,2,0,1,Greater Manchester
"200506G040046",-2.085366,53.46116,"05/12/2005","03:04",6,30,0,-1,0,4,1,2,0,1,Greater Manchester
"201501SX21198",-0.196834,51.576015,"17/12/2015","07:50",6,30,16,2,15,1,1,1,0,1,Metropolitan Police
"201301ZD30227",-0.102342,51.397675,"29/03/2013","13:34",6,30,16,4,13,1,1,1,0,1,Metropolitan Police
"199801JC00025",,,"14/01/1998","15:30",6,30,13,4,13,1,1,1,0,1,Metropolitan Police
"199504N004895",,,"22/03/1995","07:55",6,50,18,4,0,1,1,1,0,2,Lancashire
"2019040875161",-2.655261,53.718517,"06/09/2019","14:10",3,40,0,4,15,1,1,1,0,1,Lancashire
"200791NE19447",-4.337032,57.585426,"19/08/2007","13:36",6,60,0,-1,0,1,1,1,0,2,Northern
"201297AD00607",-4.29735,55.870148,"15/07/2012","21:15",6,30,0,-1,0,4,1,2,0,1,Strathclyde
"200697NC02106",-4.016399,55.942116,"08/06/2006","18:45",3,70,0,4,0,1,1,1,0,1,Strathclyde
"2023622301013",-3.209841,51.46454,"01/12/2023","13:17",6,40,0,-1,0,1,1,1,0,2,South Wales
"200304E075203",-2.390796,53.7862,"10/10/2003","13:33",6,30,13,4,0,1,1,1,0,2,Lancashire
"199804B070298",,,"27/10/1998","17:30",6,30,0,4,17,4,1,1,0,1,Lancashire
"201501RG40261",0.024545,51.4751,"15/05/2015","22:55",1,30,0,4,0,4,1,1,0,1,Metropolitan Police
"200801YR69613",-0.064095,51.584816,"07/02/2008","11:15",3,30,13,4,0,1,1,1,0,1,Metropolitan Police
"2022010395659",-0.147402,51.346806,"22/08/2022","19:52",6,20,13,4,0,4,1,1,0,1,Metropolitan Police
"1999950007619",,,"17/08/1999","13:59",3,30,0,4,0,1,1,1,0,3,Lothian and Borders
"2006930002504",-2.930814,56.495277,"30/06/2006","18:45",6,30,18,4,0,1,1,1,0,1,Tayside
"200097AC00303",-4.278237,55.863132,"02/03/2000","22:50",9,30,13,4,0,4,1,1,0,1,Strathclyde
"2008620182896",-3.482991,51.53063,"15/08/2008","07:25",6,40,0,-1,0,1,1,1,0,2,South Wales
"199704D039897",,,"17/06/1997","06:55",6,30,16,4,0,1,1,1,0,1,Lancashire
"201204FL12030",-2.328588,53.69754,"27/04/2012","09:43",3,70,0,4,0,1,1,1,0,1,Lancashire
"199601TG00043",,,"29/01/1996","21:58",6,30,13,4,0,4,1,2,0,1,Metropolitan Police
"199797DA00909",,,"06/09/1997","17:40",6,30,16,4,0,1,2,2,0,1,Strathclyde
"201697GB20808",-4.342495,55.815495,"09/08/2016","21:10",6,30,0,-1,0,4,9,1,0,1,Strathclyde
"199704E102997",,,"04/12/1997","16:20",6,60,0,-1,0,6,1,4,0,2,Lancashire
"201197UD05812",-4.617489,55.486046,"24/12/2011","17:20",6,30,13,4,14,4,5,2,0,1,Strathclyde
"2014950006155",-3.346899,55.946133,"01/12/2014","15:10",6,60,0,4,0,1,1,2,0,2,Lothian and Borders
"2014621400516",-3.440628,51.617157,"03/03/2014","16:10",6,30,13,4,0,1,1,1,0,1,South Wales
"200201EK00308",-0.140886,51.54955,"03/04/2002","15:51",6,30,13,2,15,1,1,1,0,1,Metropolitan Police
"201501ZD30438",-0.088553,51.380688,"03/06/2015","21:39",6,30,13,4,0,7,1,1,0,1,Metropolitan Police
"199601GD00125",,,"21/03/1996","10:00",6,30,13,4,0,1,1,2,0,1,Metropolitan Police
"2019010174079",-0.192915,51.402912,"08/04/2019","21:20",3,30,0,-1,12,4,2,2,11,1,Metropolitan Police
"2003620092440",-3.801195,51.589302,"13/09/2003","15:30",6,30,0,-1,0,1,1,1,0,1,South Wales
"201404TA14033",-2.752035,53.954926,"21/02/2014","21:40",3,70,0,-1,0,6,5,2,0,2,Lancashire
"201804WB18184",-2.808839,54.04927,"21/06/2018","08:20",6,30,0,-1,0,1,1,1,0,1,Lancashire
"2021991117209",-4.350133,55.88241,"03/12/2021","17:57",6,30,16,2,0,4,1,2,0,1,Police Scotland
"199793970241E",,,"17/01/1997","19:00",6,60,13,4,0,6,7,2,0,2,Tayside
"2018610005218",-2.90714,51.620567,"28/02/2018","09:17",3,70,0,-1,0,1,1,1,0,2,Gwent
"2001620030102",-3.386581,51.77828,"29/01/2001","07:20",6,60,0,-1,0,1,1,1,0,2,South Wales
"200497KB00107",-4.480778,55.84627,"04/07/2004","14:14",1,60,0,4,0,5,1,1,0,1,Strathclyde
"2022991145500",-4.588391,55.957558,"17/02/2022","19:55",6,60,0,-1,0,6,5,2,0,2,Police Scotland
"1997600GN7018",,,"22/05/1997","15:45",12,30,0,-1,0,1,1,1,0,2,North Wales
"2018621800957",-4.021829,51.65712,"09/05/2018","19:04",1,30,0,4,0,1,1,1,0,1,South Wales
"2005070502616",-2.922426,53.304455,"19/06/2005","00:40",9,20,0,-1,0,1,1,1,0,2,Cheshire
"2007070294418",-2.228348,53.329372,"02/09/2007","12:40",1,30,0,4,0,1,2,2,0,1,Cheshire
"199904C076799",-2.94709,53.618156,"19/08/1999","17:55",6,40,18,4,0,1,1,1,0,2,Lancashire
"2023991396573",-4.264862,57.75285,"26/12/2023","12:05",6,60,0,-1,-1,1,8,4,-1,2,Police Scotland
"200397QB71310",-4.083442,55.82174,"28/10/2003","18:00",6,30,13,3,14,4,1,2,0,1,Strathclyde
"200597LB70602",-4.93049,55.95387,"14/02/2005","08:30",6,30,16,4,0,1,1,1,0,2,Strathclyde
"200263DP25002",-3.16196,52.572018,"30/07/2002","21:50",6,60,16,4,0,6,1,1,0,2,Dyfed-Powys
"199401SV00809",,,"03/12/1994","20:35",3,50,0,4,0,4,1,1,0,1,Metropolitan Police
"199701ZN00549",,,"28/07/1997","17:50",6,30,0,-1,13,1,1,1,0,1,Metropolitan Police
"2018010081756",-0.383391,51.499332,"05/01/2018","17:30",6,30,16,4,13,1,1,1,0,1,Metropolitan Police
"2024010520598",-0.09233,51.57433,"25/06/2024","18:45",6,20,13,4,0,1,1,1,13,1,Metropolitan Police
"199701QA00086",,,"02/02/1997","19:50",3,40,0,-1,13,4,1,1,0,1,Metropolitan Police
"201501TX20344",-0.33897,51.469486,"18/05/2015","18:32",6,30,0,-1,0,1,9,1,0,1,Metropolitan Police
"200504BA05066",-2.792458,54.054134,"19/08/2005","08:08",6,30,13,4,0,1,1,1,0,1,Lancashire
"2003620090533",-3.998197,51.57487,"27/08/2003","10:25",3,30,13,4,0,1,1,1,0,1,South Wales
"199662L003396",,,"27/01/1996","12:30",3,40,16,4,14,1,8,2,0,1,South Wales
"2009620193114",-3.446338,51.64322,"02/09/2009","16:30",1,30,0,4,0,1,2,1,0,2,South Wales
"2014030001071",-2.999168,54.966625,"07/05/2014","18:00",3,70,0,-1,0,1,2,5,0,2,Cumbria
"2020010244767",-0.051282,51.511055,"09/04/2020","15:30",2,20,13,4,0,1,1,1,0,1,Metropolitan Police
"200504F022905",-2.167053,53.85719,"15/03/2005","18:40",2,30,13,4,13,4,1,1,0,1,Lancashire
"2010930001907",-2.822034,56.61751,"03/06/2010","22:00",6,60,0,-1,0,6,1,1,0,2,Tayside
"2000620022295",-3.944154,51.63414,"27/09/2000","08:30",6,30,13,4,0,1,1,2,0,1,South Wales
"2019621900330",-3.945051,51.64418,"10/03/2019","15:34",6,30,0,-1,0,1,4,1,0,1,South Wales
"1999050037928",-2.766596,53.468616,"05/02/1999","08:30",6,30,13,4,0,1,5,2,0,1,Merseyside
"199501SG00476",,,"07/10/1995","08:14",6,30,13,4,0,1,1,1,0,1,Metropolitan Police
"201091NP06333",-5.566112,57.292107,"08/06/2010","16:15",6,60,19,4,0,1,1,1,0,2,Northern
"2011921104077",-2.108699,57.143925,"17/11/2011","00:45",6,20,13,4,0,4,1,1,0,1,Grampian
"200997GB20304",-4.264175,55.816475,"05/04/2009","19:15",6,30,0,-1,0,1,1,1,0,1,Strathclyde
"201797NE00112",-3.808239,55.81971,"02/12/2017","17:50",6,30,0,-1,14,4,2,2,0,1,Strathclyde
"202263D073622",-3.314149,52.708633,"30/08/2022","16:45",6,50,0,-1,0,1,1,1,0,2,Dyfed-Powys
"2019010190472",-0.203548,51.487446,"29/06/2019","21:42",6,20,13,4,13,4,1,1,0,1,Metropolitan Police
"201101BS70201",-0.20477,51.51691,"14/05/2011","23:10",6,30,13,4,0,4,1,1,0,1,Metropolitan Police
"199501LX00232",,,"17/03/1995","21:05",6,30,17,2,15,4,1,2,0,1,Metropolitan Police
"199701JC00075",,,"04/03/1997","09:35",6,30,0,-1,0,1,2,2,0,1,Metropolitan Police
"2005950005325",-3.11746,55.874744,"21/06/2005","19:00",6,30,13,4,0,1,1,1,0,1,Lothian and Borders
"201697NE03107",-3.925459,55.770267,"30/07/2016","13:10",6,30,0,-1,0,1,1,1,0,1,Strathclyde
"2015621502095",-3.943453,51.625824,"02/12/2015","18:01",3,30,19,4,0,4,2,2,0,1,South Wales
"2004620111930",-3.238013,51.524117,"24/06/2004","09:05",12,70,0,-1,0,1,1,2,0,1,South Wales
"2017010038590",-0.047543,51.640892,"19/05/2017","23:20",6,30,13,4,0,4,1,1,0,1,Metropolitan Police
"199401GN00041",,,"27/01/1994","00:50",6,30,16,2,0,4,4,1,0,1,Metropolitan Police
"200901LX50496",-0.112835,51.49892,"17/06/2009","18:10",6,30,0,-1,0,1,1,1,13,1,Metropolitan Police
"201201LX50733",-0.123382,51.47715,"14/09/2012","14:24",6,30,16,2,15,1,1,1,0,1,Metropolitan Police
"2017010021055",-0.063666,51.438553,"25/02/2017","15:58",6,20,13,4,0,1,2,2,17,1,Metropolitan Police
"201601MM70642",-0.058171,51.479954,"02/07/2016","19:10",6,30,13,4,14,1,1,1,0,1,Metropolitan Police
"201104EN11029",-2.406634,53.82148,"19/03/2011","16:05",6,30,13,4,0,1,1,1,0,2,Lancashire
"199501QD00383",,,"23/07/1995","21:25",6,30,0,-1,0,4,1,1,0,1,Metropolitan Police
"200401QK00389",-0.241792,51.551105,"27/05/2004","13:33",6,30,13,4,14,1,1,1,0,1,Metropolitan Police
"200801BS70375",-0.18014,51.491173,"27/06/2008","08:06",6,30,16,2,15,1,1,1,0,1,Metropolitan Police
"199701MS00168",,,"26/04/1997","12:05",6,30,16,2,15,1,1,1,0,1,Metropolitan Police
"199501HT00199",,,"22/06/1995","14:20",6,30,13,4,0,1,1,1,0,1,Metropolitan Police
"2003600AN1070",-4.632761,53.308445,"11/12/2003","12:25",6,30,0,-1,15,1,1,2,11,1,North Wales
"201260N127906",-3.076715,53.167778,"04/08/2012","13:30",6,30,0,-1,0,1,8,2,0,1,North Wales
"201101XD80728",-0.372519,51.52961,"31/10/2011","15:00",6,30,13,4,0,1,1,1,0,1,Metropolitan Police
"200801JI69897",0.067795,51.55199,"09/02/2008","14:15",3,40,0,-1,0,1,9,1,0,1,Metropolitan Police
"200601JI40577",0.043074,51.576527,"24/09/2006","09:15",1,30,0,4,0,1,1,1,0,1,Metropolitan Police
"200301MM00452",-0.052145,51.49631,"02/04/2003","09:20",6,30,13,2,0,1,1,1,0,1,Metropolitan Police
"201397UA04708",-4.632404,55.749035,"25/08/2013","12:10",6,30,0,-1,0,1,1,1,0,2,Strathclyde
"1997600WR3066",,,"27/05/1997","15:50",6,60,18,4,0,1,1,1,0,2,North Wales
"200701MM70212",-0.094358,51.485943,"27/03/2007","09:00",6,30,13,4,13,1,1,1,0,1,Metropolitan Police
"1998078M10818",,,"28/12/1998","18:06",3,70,0,-1,0,6,1,2,0,2,Cheshire
"2014950002021",-3.183319,55.97477,"14/04/2014","17:18",6,30,19,4,0,1,1,1,0,1,Lothian and Borders
"2017010061803",-0.222634,51.50222,"29/09/2017","23:00",6,20,16,4,15,4,1,1,0,1,Metropolitan Police
"2009983116309",-3.835199,55.031303,"16/04/2009","16:24",6,60,0,-1,0,1,1,1,0,2,Dumfries and Galloway
"200097LA01803",-4.812879,56.053062,"07/03/2000","16:50",6,50,13,4,0,1,2,2,0,2,Strathclyde
"199501SV00173",,,"05/03/1995","23:55",6,30,13,4,0,4,1,1,0,1,Metropolitan Police
"199501RG00575",,,"19/10/1995","15:55",6,30,13,4,13,1,1,1,0,1,Metropolitan Police
"200201YR01091",-0.080219,51.59956,"07/12/2002","16:00",6,30,13,4,0,1,2,2,0,1,Metropolitan Police
"200001XH00333",-0.381711,51.55905,"13/04/2000","12:54",6,30,0,-1,13,1,1,2,0,1,Metropolitan Police
"200801WW50185",-0.185842,51.445488,"19/04/2008","14:28",2,30,13,4,0,1,1,1,0,1,Metropolitan Police
"199701DP00595",,,"28/12/1997","00:20",6,30,16,2,15,4,1,1,0,1,Metropolitan Police
"201360P040415",-3.830558,53.30476,"16/03/2013","20:15",6,30,16,4,0,1,1,1,0,1,North Wales
"2017610043417",-2.947614,51.592815,"22/10/2017","17:30",6,30,0,-1,0,1,1,1,0,1,Gwent
"2007070700701",-2.906075,53.276443,"25/02/2007","16:00",6,30,16,2,15,1,1,2,0,1,Cheshire
"199504H019795",,,"30/05/1995","07:40",6,30,16,4,0,1,1,1,0,2,Lancashire
"200563BC11305",-4.18788,52.090725,"29/03/2005","11:35",6,30,13,4,0,1,1,1,17,2,Dyfed-Powys
"2017030143698",-2.90942,54.878902,"07/01/2017","07:00",6,30,0,-1,0,4,1,1,0,1,Cumbria
"200304B013903",-2.895081,54.038494,"03/03/2003","07:32",6,30,13,4,0,1,1,1,0,1,Lancashire
"200097XA00103",-4.68825,55.933235,"01/03/2000","08:30",6,30,0,-1,0,1,1,2,0,1,Strathclyde
"199797FB01504",,,"12/04/1997","17:55",6,30,13,4,0,1,1,1,0,1,Strathclyde
"1997610006997",,,"16/01/1997","23:05",1,30,0,4,0,4,1,2,0,1,Gwent
"201460R051073",-3.766201,53.29203,"07/04/2014","12:10",6,30,18,4,0,1,2,2,0,1,North Wales
"199862L015298",,,"26/06/1998","18:20",6,30,13,4,0,1,1,1,0,1,South Wales
"2010030001304",-2.766496,54.657997,"15/06/2010","03:27",6,30,0,-1,0,1,1,1,0,1,Cumbria
"199701JB00116",,,"14/02/1997","14:55",6,30,0,-1,15,1,1,1,0,1,Metropolitan Police
"200797AD02102",-4.360013,55.89125,"08/02/2007","16:20",1,30,0,4,0,1,1,2,0,1,Strathclyde
"2007620167133",-3.320433,51.627525,"27/05/2007","21:15",6,30,13,4,0,4,2,2,0,2,South Wales
"2020010238278",0.152797,51.447952,"24/02/2020","18:19",3,50,0,-1,0,4,1,1,0,1,Metropolitan Police
"200201EK00141",-0.118152,51.52374,"08/02/2002","11:45",6,30,13,4,0,1,1,1,0,1,Metropolitan Police
"201301ZD30745",-0.10056,51.371296,"03/08/2013","03:20",6,30,0,-1,13,4,1,1,0,1,Metropolitan Police
"199501BH00252",,,"06/10/1995","12:50",6,30,13,4,0,1,1,1,0,1,Metropolitan Police
"1995030000400",,,"04/02/1995","19:20",6,30,16,4,0,4,1,2,0,1,Cumbria
"2000950002749",-2.297385,55.70631,"22/03/2000","06:15",6,60,0,-1,0,1,1,1,0,2,Lothian and Borders
"201897UD70406",-4.510046,55.49667,"08/06/2018","18:20",6,60,19,4,0,1,1,1,0,2,Strathclyde
"1997929704416",,,"07/10/1997","18:20",6,30,17,2,13,1,1,1,0,1,Grampian
"200697ED01801",-4.141505,55.861546,"16/01/2006","18:30",6,30,0,-1,0,4,5,2,0,1,Strathclyde
"2003600CO6019",-3.861513,53.067204,"20/05/2003","15:30",6,30,13,4,0,1,5,2,13,2,North Wales
"2021010292219",-0.125173,51.604324,"10/02/2021","14:29",6,20,13,4,0,1,1,1,0,1,Metropolitan Police
"199501ZM00712",,,"12/12/1995","18:55",6,30,0,-1,0,4,1,2,0,1,Metropolitan Police
"2000610026300",-3.240488,51.641617,"09/03/2000","13:50",6,30,13,4,13,1,1,1,0,1,Gwent
"2024010539395",-0.25355,51.55765,"23/10/2024","01:05",3,40,19,4,0,4,1,1,0,1,Metropolitan Police
"2019010202341",-0.108832,51.5221,"15/08/2019","19:01",6,30,0,-1,0,1,1,1,0,1,Metropolitan Police
"199801QA00775",,,"12/11/1998","15:40",6,30,13,4,0,4,2,2,0,1,Metropolitan Police
"201201KF60665",0.021408,51.530586,"23/11/2012","17:20",6,30,13,2,15,4,1,2,0,1,Metropolitan Police
"200201JI01130",0.013826,51.600502,"13/12/2002","11:45",6,30,16,4,13,1,1,1,0,1,Metropolitan Police
"200901TC00107",0.068316,51.55711,"30/04/2009","12:20",6,30,13,4,0,1,1,1,0,1,Metropolitan Police
"200601QA10220",-0.279499,51.610653,"24/05/2006","16:25",6,30,13,2,15,1,1,1,0,1,Metropolitan Police
"200101ZD00969",-0.112733,51.330303,"30/08/2001","11:05",6,30,0,-1,0,1,1,1,0,1,Metropolitan Police
"201301CW11632",-0.124878,51.50739,"20/11/2013","15:16",2,30,0,-1,0,1,1,1,0,1,Metropolitan Police
"2003030001740",-3.524994,54.60786,"23/05/2003","20:40",6,30,13,4,0,1,2,2,0,2,Cumbria
"2009960901011",-3.792187,56.017742,"28/04/2009","13:00",6,30,0,4,17,1,1,1,0,1,Central
"2019950000100",-3.151879,55.880787,"22/01/2019","18:40",6,20,13,4,0,4,1,1,0,1,Lothian and Borders
"2007920703403",-2.097138,57.14663,"13/10/2007","19:20",6,20,0,-1,0,4,1,1,17,1,Grampian
"199701FH00419",,,"29/08/1997","16:30",9,20,18,4,0,1,1,1,0,1,Metropolitan Police
"199901KD00412",0.171849,51.56513,"26/05/1999","17:16",6,30,13,4,0,1,1,1,0,1,Metropolitan Police
"199901KD00529",0.212717,51.562836,"11/07/1999","20:27",6,30,13,2,15,1,1,1,0,1,Metropolitan Police
"2003070301855",-2.540255,53.189667,"01/04/2003","15:50",6,30,0,4,0,1,4,1,0,1,Cheshire
"2022991188038",-4.643801,56.068893,"15/06/2022","12:20",6,60,19,4,0,1,1,1,0,2,Police Scotland
"200497CA03702",-4.298286,55.902218,"21/02/2004","13:35",1,30,0,4,0,1,1,1,0,2,Strathclyde
"200297NC02704",-3.970464,55.945732,"20/04/2002","19:15",6,40,0,4,0,1,2,2,0,1,Strathclyde
"200497ND03206",-4.014055,55.819748,"22/06/2004","09:30",6,30,0,-1,14,1,1,1,0,1,Strathclyde
"200963CP00609",-4.889162,51.693195,"10/01/2009","11:00",6,60,0,-1,0,1,1,2,0,2,Dyfed-Powys
"200101HT00308",-0.057205,51.519596,"13/03/2001","16:13",6,30,0,4,0,1,1,1,0,1,Metropolitan Police
"201501HT20091",-0.044389,51.51314,"29/01/2015","08:30",6,30,13,4,14,1,1,1,0,1,Metropolitan Police
"200004F074200",-2.32549,53.72204,"14/12/2000","15:55",6,40,13,4,0,1,2,2,0,2,Lancashire
"2001950006645",-3.054231,55.941975,"29/07/2001","18:10",6,20,13,2,0,1,1,1,0,1,Lothian and Borders
"200197EC02608",-4.219752,55.882896,"29/08/2001","08:55",9,30,16,4,0,1,1,1,0,1,Strathclyde
"2022041216221",-2.252353,53.809467,"06/09/2022","11:15",3,70,0,-1,0,1,2,5,0,2,Lancashire
"200604EL06152",-2.408118,53.725563,"11/10/2006","15:30",6,50,0,-1,0,1,2,2,0,2,Lancashire
"199706A185797",,,"17/02/1997","11:40",3,30,13,2,0,1,2,2,0,1,Greater Manchester
"199806J224298",,,"22/04/1998","09:30",6,30,16,2,15,1,1,1,0,1,Greater Manchester
"1997050046055",,,"27/02/1997","16:46",6,30,13,4,14,1,4,2,0,1,Merseyside
"201001FH10112",-0.199163,51.47267,"23/02/2010","23:47",6,30,13,4,13,4,8,2,0,1,Metropolitan Police
"199801LX00063",,,"01/02/1998","15:15",6,30,16,2,15,1,1,1,0,1,Metropolitan Police
"199701JB00644",,,"05/08/1997","16:30",6,30,13,3,0,1,1,1,0,1,Metropolitan Police
"1999950006579",-2.952658,55.971912,"15/07/1999","15:10",6,30,13,4,0,1,1,1,0,2,Lothian and Borders
"200097QB04103",-4.038048,55.774868,"18/03/2000","10:30",3,30,19,2,0,1,1,1,0,1,Strathclyde
"200106K010731",-2.461549,53.566723,"29/09/2001","09:30",6,30,0,-1,0,1,1,1,0,1,Greater Manchester
"201306K076367",-2.438186,53.570675,"11/07/2013","14:00",6,30,13,4,0,1,1,1,0,1,Greater Manchester
"200206G009175",-2.114602,53.467243,"09/08/2002","08:50",6,30,16,2,0,1,2,2,0,1,Greater Manchester
"200001RY00351",0.153206,51.497307,"07/06/2000","21:08",1,50,0,4,0,4,1,1,0,2,Metropolitan Police
"2021010320724",-0.062647,51.36021,"24/07/2021","10:50",6,30,0,-1,17,1,1,1,0,1,Metropolitan Police
"200001FH00192",-0.198733,51.47995,"11/03/2000","19:45",1,30,0,4,0,4,1,1,0,1,Metropolitan Police
"200901LX50747",-0.116199,51.46975,"20/08/2009","13:54",6,30,0,-1,0,1,1,1,0,1,Metropolitan Police
"201401ZT80185",-0.167822,51.334778,"11/06/2014","07:27",6,30,0,4,0,1,1,1,0,1,Metropolitan Police
"199901AB00127",-0.153381,51.501007,"25/03/1999","15:15",3,30,0,-1,0,1,1,1,0,1,Metropolitan Police
"201060L116975",-3.546019,52.930576,"29/06/2010","14:39",6,60,0,-1,0,1,1,1,0,2,North Wales
"200363BC21103",-3.976743,52.51113,"03/10/2003","11:45",6,60,13,4,0,1,1,1,0,2,Dyfed-Powys
"2017010050269",-0.12573,51.528683,"18/07/2017","09:19",6,20,0,-1,99,1,1,1,99,1,Metropolitan Police
"200001ZD00206",-0.102313,51.37753,"31/01/2000","14:30",12,30,13,4,0,1,1,1,0,1,Metropolitan Police
"201201YE80280",-0.064208,51.616116,"03/05/2012","07:39",2,30,0,-1,0,1,1,1,0,1,Metropolitan Police
"1996076C31967",,,"02/12/1996","12:35",6,40,0,-1,0,1,1,1,0,1,Cheshire
"2007030000413",-3.513038,54.53179,"19/02/2007","17:12",6,60,0,-1,0,1,2,2,0,2,Cumbria
"1998929804407",,,"21/10/1998","17:10",6,30,13,4,0,1,1,1,0,1,Grampian
"2001940100811",-3.026486,56.188046,"16/02/2001","14:50",6,30,0,-1,0,1,1,1,0,1,Fife
"200797NA05302",-3.889635,55.890743,"19/02/2007","17:40",6,30,13,4,0,4,1,2,0,2,Strathclyde
"199962J026799",-4.003827,51.67981,"04/09/1999","17:30",1,30,0,4,0,1,1,1,0,2,South Wales
"200301RG00567",0.105744,51.505363,"10/08/2003","11:30",1,30,0,4,0,1,1,1,0,1,Metropolitan Police
"2022010372969",-0.21141,51.49509,"26/04/2022","18:00",6,20,13,2,15,1,1,1,0,1,Metropolitan Police
"199501WW00855",,,"19/12/1995","17:01",6,30,13,4,0,4,2,2,0,1,Metropolitan Police
"200901WW50274",-0.156552,51.465263,"17/04/2009","15:55",6,30,13,4,0,1,2,2,0,1,Metropolitan Police
"200204B040702",-3.039408,53.880127,"26/06/2002","18:30",6,30,13,4,14,1,1,1,0,1,Lancashire
"199797NC05504",,,"29/04/1997","18:00",3,70,0,4,0,1,1,1,0,1,Strathclyde
"2004610102804",-3.17249,51.78987,"18/09/2004","18:55",6,30,13,4,0,1,1,1,0,1,Gwent
"2018010139315",-0.211,51.545387,"15/10/2018","09:32",9,20,13,1,0,1,2,2,0,1,Metropolitan Police
"201401EK40621",-0.105776,51.51976,"04/08/2014","10:47",6,30,16,2,15,1,1,1,0,1,Metropolitan Police
"200501YE80618",-0.131799,51.648052,"20/07/2005","15:40",6,30,18,4,0,1,1,1,0,1,Metropolitan Police
"2021010350786",-0.44712,51.522522,"18/12/2021","05:50",6,30,16,2,15,4,8,1,0,1,Metropolitan Police
"199401JI00286",,,"18/05/1994","16:25",6,30,0,-1,0,1,1,1,0,1,Metropolitan Police
"201601HT20321",-0.074487,51.519974,"14/04/2016","21:03",6,20,0,-1,0,4,1,1,0,1,Metropolitan Police
"2000030000888",-3.563507,54.550205,"20/12/2000","11:26",6,60,0,-1,0,1,1,2,0,3,Cumbria
"199804B062798",,,"02/10/1998","13:15",6,30,18,4,0,1,1,1,0,1,Lancashire
"201163CP22711",-4.635554,51.76176,"07/10/2011","18:17",6,40,16,4,0,1,1,1,0,2,Dyfed-Powys
"2024622400841",-3.14904,51.497,"06/12/2024","07:35",6,20,13,4,13,1,1,1,0,1,South Wales
"2024010531953",-0.20791,51.58603,"12/09/2024","13:45",6,30,0,4,0,1,1,1,0,1,Metropolitan Police
"2024010539656",-0.25483,51.54079,"24/10/2024","13:45",6,30,-1,4,0,1,1,1,0,1,Metropolitan Police
"199801VW00051",,,"29/01/1998","08:15",6,30,16,4,0,7,9,1,0,1,Metropolitan Police
"2020010259177",-0.071829,51.524803,"29/07/2020","19:10",6,20,16,2,15,1,1,1,0,1,Metropolitan Police
"2003950004317",-3.05168,55.942356,"28/04/2003","10:00",6,30,0,-1,0,1,9,1,13,1,Lothian and Borders
"201363CP06213",-4.970576,51.754036,"01/05/2013","15:50",6,60,16,4,0,1,1,1,0,2,Dyfed-Powys
"2011610058911",-3.219628,51.55893,"21/09/2011","15:35",6,40,13,4,0,1,1,1,0,2,Gwent
"1999610001599",-2.937935,51.546864,"12/01/1999","22:30",6,60,0,-1,0,6,2,2,0,2,Gwent
"2021010339540",-0.186598,51.468468,"25/10/2021","03:40",6,20,13,4,0,4,1,1,0,1,Metropolitan Police
"200301TX01006",-0.410089,51.498203,"18/12/2003","22:10",1,40,0,2,15,4,1,1,0,1,Metropolitan Police
"200297QB07702",-4.052853,55.74712,"28/02/2002","06:30",6,60,0,-1,0,6,3,3,0,2,Strathclyde
"2000600CO9057",-3.526645,53.283955,"29/07/2000","12:08",6,60,0,-1,0,1,1,1,0,2,North Wales
"2005620139491",-3.315046,51.516087,"06/10/2005","18:45",6,60,13,4,0,4,1,2,0,2,South Wales
"200301HT00543",-0.017509,51.51093,"04/08/2003","08:00",6,30,16,4,0,1,1,1,0,1,Metropolitan Police
"201401MM70656",-0.06072,51.480988,"01/07/2014","12:57",6,30,13,4,0,1,1,1,0,1,Metropolitan Police
"2020990947682",-4.813577,55.93804,"22/04/2020","18:45",6,30,0,-1,14,1,9,1,0,1,Police Scotland
"200197UA06205",-5.143807,55.574345,"31/05/2001","14:00",9,30,0,-1,0,1,1,1,0,2,Strathclyde
"200563AC26705",-4.007155,51.794228,"13/06/2005","13:24",6,60,0,-1,0,1,1,1,0,2,Dyfed-Powys
"199701EH00052",,,"26/02/1997","12:53",6,30,13,4,0,1,1,1,0,1,Metropolitan Police
"201301XD80838",-0.305688,51.496834,"03/11/2013","18:33",6,30,13,4,13,4,9,1,0,1,Metropolitan Police
"199501YE00055",,,"25/01/1995","10:45",6,30,0,-1,0,1,1,1,0,1,Metropolitan Police
"201301VK30031",-0.298609,51.412197,"30/01/2013","22:45",6,30,13,2,15,4,1,1,0,1,Metropolitan Police
"201201KF60519",0.012902,51.543682,"08/09/2012","23:00",6,30,16,2,0,4,1,1,0,1,Metropolitan Police
"201601WW50366",-0.165634,51.472153,"18/04/2016","10:03",6,30,16,2,15,1,1,1,0,1,Metropolitan Police
"201301CW10254",-0.151025,51.48802,"07/02/2013","13:00",6,30,13,4,0,1,1,1,0,1,Metropolitan Police
"201501CW10225",-0.154292,51.514652,"27/02/2015","12:55",2,30,0,-1,0,1,1,1,0,1,Metropolitan Police
"2014610068114",-3.007812,51.70479,"15/11/2014","14:21",6,60,0,4,0,1,1,1,0,2,Gwent
"201401ZD30589",-0.104895,51.388092,"27/06/2014","11:39",6,30,13,4,0,1,1,1,0,1,Metropolitan Police
"2017010031103",-0.094094,51.374664,"08/04/2017","22:36",6,30,13,2,15,4,1,1,0,1,Metropolitan Police
"199401XH00982",,,"18/10/1994","13:58",3,30,13,2,0,1,1,1,0,1,Metropolitan Police
"201101EO40210",-0.116764,51.536396,"13/05/2011","11:55",6,30,0,-1,15,1,1,1,0,1,Metropolitan Police
"199801BS00373",,,"25/05/1998","17:30",6,30,0,-1,0,1,1,1,0,1,Metropolitan Police
"2022010406174",-0.100217,51.454674,"23/10/2022","18:30",2,20,0,-1,15,4,2,2,0,1,Metropolitan Police
"2011030002000",-2.804257,54.733246,"20/09/2011","08:15",3,70,0,-1,0,1,1,1,17,2,Cumbria
"200404B042204",-2.930171,53.865925,"08/07/2004","22:55",6,60,19,4,0,6,1,2,0,2,Lancashire
"2016010026828",0.010067,51.47278,"29/10/2016","14:47",6,30,0,4,17,1,1,1,0,1,Metropolitan Police
"2018010150698",-0.231991,51.513603,"08/12/2018","02:16",3,20,19,4,0,4,1,2,0,1,Metropolitan Police
"2024010511652",0.00479,51.52798,"20/05/2024","23:00",6,20,0,-1,0,4,1,1,0,1,Metropolitan Police
"201001JI40157",0.084508,51.57364,"20/03/2010","10:30",6,30,0,-1,0,1,1,1,0,1,Metropolitan Police
"199601HH00084",,,"02/03/1996","00:45",6,30,0,-1,13,4,1,1,0,1,Metropolitan Police
"199997UA01806",-4.608532,55.61145,"18/06/1999","16:00",6,30,0,-1,0,1,1,1,0,2,Strathclyde
"2007600FL6010",-3.028215,53.203987,"15/03/2007","14:55",6,30,19,4,0,1,1,1,0,1,North Wales
"199763A510197",,,"17/04/1997","16:20",6,30,0,-1,0,1,1,1,0,1,Dyfed-Powys
"199906M004671",-2.341619,53.41153,"29/09/1999","08:30",6,30,16,2,0,1,9,1,0,1,Greater Manchester
"200106M008139",-2.325049,53.467846,"20/08/2001","10:00",3,30,0,4,0,1,1,1,0,1,Greater Manchester
"200101GD00957",-0.069323,51.55343,"31/07/2001","06:05",6,30,0,4,13,1,1,1,0,1,Metropolitan Police
"200891NM14707",-3.815038,57.228058,"29/11/2008","11:30",6,60,19,4,0,1,8,2,0,2,Northern
"200797QA04305",-4.171693,55.758106,"28/05/2007","13:15",1,50,0,4,0,1,1,1,0,1,Strathclyde
"2002920204010",-3.04009,57.04991,"05/12/2002","11:15",6,30,0,-1,0,1,1,2,0,2,Grampian
"2007920702140",-2.450693,56.83781,"27/06/2007","10:00",3,70,0,-1,0,1,1,1,0,2,Grampian
"201097AB05306",-4.256953,55.865414,"25/06/2010","06:10",6,30,16,2,15,1,1,1,0,1,Strathclyde
"2024010539868",-0.28991,51.54116,"25/10/2024","05:00",2,30,-1,9,13,1,1,1,99,1,Metropolitan Police
"2017010047828",0.050448,51.419525,"11/07/2017","02:09",1,30,0,4,0,4,1,1,0,1,Metropolitan Police
"200801HT74999",-0.056992,51.51105,"26/09/2008","07:56",2,30,19,4,13,1,1,2,0,1,Metropolitan Police
"199601CX00394",,,"28/10/1996","14:30",6,30,13,4,0,1,1,1,0,1,Metropolitan Police
"201404FL14021",-2.327671,53.714,"14/03/2014","10:00",3,70,0,-1,0,1,1,1,0,2,Lancashire
"200206C020296",-2.24898,53.391357,"26/10/2002","14:50",6,30,13,4,0,1,1,1,0,1,Greater Manchester
"201706E033465",-2.204612,53.432743,"04/08/2017","20:00",6,30,13,4,0,1,1,1,0,1,Greater Manchester
"200505DH00815",-2.617888,53.456894,"29/09/2005","16:30",6,30,13,4,0,1,1,1,0,1,Merseyside
"200301SX00419",-0.214989,51.57255,"29/03/2003","17:30",6,30,0,-1,0,1,1,1,0,1,Metropolitan Police
"2018010084782",-0.347389,51.53471,"17/01/2018","20:45",3,30,18,9,13,4,1,1,0,1,Metropolitan Police
"199601JC00267",,,"16/06/1996","23:00",6,30,0,-1,0,4,1,1,0,1,Metropolitan Police
"200291NJ02177",-3.117494,58.463177,"13/02/2002","19:20",6,60,0,-1,0,6,8,2,20,2,Northern
"2001620043983",-3.576088,51.50028,"12/08/2001","14:15",6,30,0,-1,0,1,1,1,0,1,South Wales
"199706P147097",,,"08/02/1997","11:50",6,30,13,4,0,1,1,1,0,1,Greater Manchester
"2022061195029",-2.17528,53.57171,"29/06/2022","14:30",1,30,0,-1,-1,1,1,-1,-1,1,Greater Manchester
"199501KG00321",,,"30/05/1995","18:10",6,30,0,-1,13,1,1,1,13,1,Metropolitan Police
"199901PY01151",0.018796,51.403023,"11/08/1999","14:50",3,30,0,-1,0,1,2,2,0,1,Metropolitan Police
"199501EK00069",,,"07/02/1995","23:15",6,30,16,4,0,4,2,2,0,1,Metropolitan Police
"2020010229892",-0.112963,51.380886,"11/01/2020","16:50",6,30,16,2,15,4,1,1,0,1,Metropolitan Police
"2016010004032",-0.201037,51.4763,"29/11/2016","17:30",6,30,13,4,0,4,1,1,0,1,Metropolitan Police
"200397CD07610",-4.169051,55.917053,"06/10/2003","23:30",6,60,0,-1,0,4,2,2,0,2,Strathclyde
"200201JI00157",0.020163,51.561096,"24/02/2002","13:47",6,30,18,4,0,1,2,2,20,1,Metropolitan Police
"199501WW00079",,,"03/03/1995","08:05",6,30,13,4,0,1,1,2,0,1,Metropolitan Police
"2000950010909",-3.175598,55.89981,"27/11/2000","01:18",6,60,0,-1,0,4,1,2,0,1,Lothian and Borders
"199901YF00797",-0.046887,51.642715,"25/11/1999","12:00",6,30,13,4,0,1,1,2,0,1,Metropolitan Police
"200801TX20524",-0.385862,51.433575,"25/07/2008","15:20",1,30,0,4,0,1,1,1,0,1,Metropolitan Police
"201001TB00676",-0.104508,51.428734,"17/10/2010","15:54",6,30,13,4,0,1,1,1,0,1,Metropolitan Police
"201301JI40291",0.037629,51.59353,"12/06/2013","09:10",3,30,0,4,0,1,1,1,0,2,Metropolitan Police
"199501MM00373",,,"07/09/1995","13:25",6,30,13,4,0,1,1,1,0,1,Metropolitan Police
"200197QA00102",-4.182605,55.76798,"01/02/2001","15:15",6,40,0,-1,0,1,2,2,0,1,Strathclyde
"2018950001041",-3.571939,55.910507,"03/08/2018","13:30",6,60,18,4,0,1,1,1,0,2,Lothian and Borders
"2000930001974",-2.827153,56.739754,"26/06/2000","23:00",6,60,0,-1,0,6,1,1,0,2,Tayside
"200001PY01055",0.04044,51.382145,"31/10/2000","17:15",6,30,13,4,0,4,1,1,0,2,Metropolitan Police
"2019010218630",-0.381537,51.541084,"14/11/2019","19:00",9,20,-1,9,0,1,1,1,0,1,Metropolitan Police
"199601RA00066",,,"08/02/1996","11:35",6,30,13,4,0,1,1,1,0,1,Metropolitan Police
"200701GD66117",-0.077209,51.53063,"08/08/2007","16:10",6,30,16,2,0,1,1,1,0,1,Metropolitan Police
"200901LX50813",-0.130181,51.423573,"10/09/2009","09:30",3,30,13,4,0,1,1,1,0,1,Metropolitan Police
"199901PL00065",-0.042052,51.489758,"09/02/1999","07:40",6,30,0,-1,0,1,1,2,0,1,Metropolitan Police
"1996030003270",,,"22/11/1996","20:13",3,70,0,-1,0,6,1,4,20,2,Cumbria
"200104C027201",-2.676504,53.68588,"07/04/2001","15:40",6,60,18,4,0,1,2,2,0,2,Lancashire
"2022041143118",-2.694727,53.7637,"11/01/2022","17:17",6,30,16,3,0,4,1,1,0,1,Lancashire
"199762B022697",,,"27/04/1997","17:30",6,40,18,4,0,1,8,2,0,2,South Wales
"201101SX20779",-0.197155,51.603844,"01/08/2011","20:05",6,30,0,-1,0,1,1,1,0,1,Metropolitan Police
"201601YR90212",-0.071396,51.58629,"06/02/2016","18:13",3,30,19,2,15,4,1,1,0,1,Metropolitan Police
"200301TC00395",-0.043808,51.58664,"15/08/2003","05:08",6,30,18,4,0,1,1,1,0,1,Metropolitan Police
"199601JO00431",,,"12/11/1996","12:00",6,60,0,-1,0,1,2,2,0,2,Metropolitan Police
"2001930003584",-3.358781,56.52125,"10/12/2001","13:35",6,60,0,-1,0,1,1,4,0,2,Tayside
"201260N159248",-3.452207,53.26079,"24/09/2012","08:25",1,30,0,4,0,1,2,2,0,2,North Wales
"199804E094198",,,"04/10/1998","02:02",6,30,13,4,0,4,1,1,0,1,Lancashire
"200304C103703",-2.707572,53.66943,"03/12/2003","14:37",6,60,0,-1,0,1,1,2,0,2,Lancashire
"2023041272505",-3.037862,53.90283,"05/02/2023","08:00",6,30,0,-1,0,1,1,1,0,1,Lancashire
"200597KC01405",-4.755812,55.94433,"08/05/2005","19:00",6,30,0,-1,0,1,1,1,0,1,Strathclyde
"201704SA17571",-2.792682,53.761673,"16/11/2017","15:00",6,20,0,-1,0,1,1,1,0,2,Lancashire
"2015051502240",-2.963691,53.43924,"18/09/2015","17:00",6,20,0,-1,0,1,1,1,0,1,Merseyside
"2019010221662",-0.251347,51.53919,"29/11/2019","16:02",6,20,0,-1,0,1,1,1,0,1,Metropolitan Police
"2019010177352",-0.090477,51.37492,"27/04/2019","00:53",6,20,19,4,15,4,1,2,0,1,Metropolitan Police
"199701YE00807",,,"13/12/1997","22:40",6,30,13,4,0,4,1,1,0,1,Metropolitan Police
"199601RG00331",,,"01/07/1996","09:08",3,50,0,-1,0,1,1,1,0,1,Metropolitan Police
"199501QA00278",,,"05/05/1995","23:20",6,30,13,4,0,4,1,1,0,1,Metropolitan Police
"201401JC30759",-0.0012,51.60031,"22/10/2014","09:27",6,30,0,-1,13,1,1,1,0,1,Metropolitan Police
"199501DP00076",,,"11/03/1995","21:22",6,30,13,4,0,4,2,2,0,1,Metropolitan Police
"199501CD00306",,,"19/09/1995","08:50",12,30,0,-1,0,1,1,1,0,1,Metropolitan Police
"2014921400669",-3.008037,57.60522,"05/06/2014","07:30",6,60,0,-1,0,1,2,2,0,2,Grampian
"1996600DE4117",,,"19/11/1996","18:15",3,70,0,-1,0,6,3,3,17,2,North Wales
"201301EK40067",-0.179661,51.546562,"16/02/2013","13:25",6,30,13,2,15,1,1,1,0,1,Metropolitan Police
"199601QA00419",,,"26/06/1996","15:30",6,30,16,2,0,1,1,1,0,1,Metropolitan Police
"199501TD00855",,,"14/12/1995","18:35",6,30,17,2,15,4,4,1,0,1,Metropolitan Police
"199601TD00162",,,"05/03/1996","10:50",3,40,0,4,13,1,1,1,0,1,Metropolitan Police
"201601CW10190",-0.129199,51.507458,"28/02/2016","03:38",6,30,13,4,13,4,1,1,0,1,Metropolitan Police
"199601SA00986",,,"06/12/1996","20:20",3,70,0,-1,0,4,1,1,0,2,Metropolitan Police
"200404F033804",-2.26708,53.783573,"19/05/2004","19:50",6,30,13,4,0,1,1,1,0,1,Lancashire
"2013950004139",-3.096332,55.93376,"13/08/2013","11:05",6,50,0,-1,0,1,1,1,0,1,Lothian and Borders
"199797KA07803",,,"28/03/1997","13:50",6,30,13,4,0,1,1,1,0,1,Strathclyde
"1996600AN5053",,,"05/12/1996","14:10",6,30,0,-1,0,1,1,2,0,2,North Wales
"2017010028623",-0.178591,51.493813,"28/03/2017","21:43",6,30,16,2,15,4,2,2,0,1,Metropolitan Police
"201001LX50597",-0.124534,51.48418,"02/07/2010","07:30",2,30,16,2,15,1,1,1,0,1,Metropolitan Police
"200701KF68454",0.058672,51.5544,"09/12/2007","22:35",3,30,13,2,12,4,1,1,0,1,Metropolitan Police
"2019930936165",-2.986458,56.48888,"04/11/2019","09:15",6,30,13,4,0,1,2,2,0,1,Tayside
"2000940003549",-3.183975,56.205776,"02/10/2000","12:00",6,30,0,-1,0,1,1,1,0,1,Fife
"2008940800380",-3.37982,56.13321,"11/02/2008","20:50",6,30,0,-1,0,4,1,2,0,2,Fife
"199901BS00493",-0.198731,51.50558,"19/08/1999","14:45",6,30,13,4,13,1,1,1,0,1,Metropolitan Police
"2017010056098",-0.024201,51.58268,"26/08/2017","15:13",6,20,18,4,0,1,1,1,0,1,Metropolitan Police
"199697UC90110",,,"03/10/1996","02:45",6,30,19,4,0,4,1,2,0,2,Strathclyde
"2009609226172",-3.813971,53.285236,"29/11/2009","17:15",6,30,0,4,0,4,5,2,0,2,North Wales
"199963PH12199",-5.221005,51.88019,"04/08/1999","17:20",6,60,13,4,0,1,2,2,0,2,Dyfed-Powys
"199662D001496",,,"20/01/1996","20:03",6,30,13,4,14,4,2,2,0,1,South Wales
"2008610010208",-3.044615,51.576534,"31/01/2008","15:45",6,30,13,4,14,1,9,1,0,1,Gwent
"200163AC02201",-4.32476,51.850605,"16/04/2001","12:37",3,70,0,4,0,1,1,1,0,1,Dyfed-Powys
"199504K005895",,,"22/02/1995","11:55",6,30,0,-1,0,1,4,2,0,1,Lancashire
"200804CC08019",-2.618093,53.68844,"23/02/2008","01:29",6,60,0,-1,0,1,1,1,0,2,Lancashire
"200497KC04109",-4.815264,55.94469,"23/09/2004","08:55",6,30,0,-1,0,1,1,1,0,1,Strathclyde
"2004950001053",-3.396188,55.985302,"05/02/2004","15:30",6,60,0,-1,0,1,5,3,0,2,Lothian and Borders
"200663CP14906",-5.069724,51.982544,"10/06/2006","09:10",6,60,0,-1,0,1,1,1,0,2,Dyfed-Powys
"199662P000496",,,"11/01/1996","09:40",6,30,13,4,0,1,2,2,0,1,South Wales
"201506J096678",-2.161411,53.41938,"12/01/2015","13:45",1,30,0,4,16,1,2,2,14,1,Greater Manchester
"2016010004023",-0.090266,51.525265,"28/11/2016","17:40",3,20,0,-1,15,4,1,1,0,1,Metropolitan Police
"2004070404602",-2.913596,53.277462,"05/09/2004","21:30",6,30,13,4,0,5,1,1,0,1,Cheshire
"2010620202983",-3.984656,51.631756,"23/08/2010","03:31",6,30,0,-1,0,6,1,1,0,1,South Wales
"2021991119065",-3.635323,55.430286,"04/12/2021","15:15",3,70,0,-1,0,1,5,2,0,2,Police Scotland
"199693963549E",,,"01/08/1996","19:25",6,30,0,-1,0,1,1,1,0,1,Tayside
"200904FL09029",-2.287763,53.723305,"20/03/2009","14:50",6,30,13,4,0,1,1,1,0,1,Lancashire
"2012950000845",-3.197568,55.953606,"09/02/2012","12:00",6,30,19,2,17,1,2,2,0,1,Lothian and Borders
"1998600GN6044",,,"10/12/1998","06:50",6,60,13,4,0,6,2,2,0,2,North Wales
"1998600WR7079",,,"15/10/1998","11:40",6,30,13,4,0,1,1,1,0,1,North Wales
"2023631312189",-4.406479,52.14144,"27/05/2023","17:20",6,60,16,3,0,1,1,1,0,2,Dyfed-Powys
"2009620194211",-3.220422,51.50236,"01/10/2009","16:00",6,30,0,-1,0,1,1,1,0,1,South Wales
"2021031053103",-3.079639,54.831207,"05/05/2021","07:55",6,60,13,4,0,1,1,1,0,2,Cumbria
"199904B083599",-2.995014,53.82999,"06/12/1999","15:25",6,30,0,-1,0,1,1,2,20,1,Lancashire
"199897FC03412",,,"17/12/1998","15:30",12,30,16,4,0,1,2,2,0,1,Strathclyde
"200097KB43311",-4.38314,55.87193,"28/11/2000","15:40",6,30,13,4,0,1,2,2,0,1,Strathclyde
"1996600WR6021",,,"28/06/1996","10:47",6,60,0,-1,0,1,1,1,0,2,North Wales
"1996949603405",,,"18/11/1996","13:50",6,40,16,3,0,1,1,1,0,2,Fife
"2019010224659",-0.15677,51.510487,"12/12/2019","21:00",3,30,13,4,0,4,2,2,0,1,Metropolitan Police
"1998078A40352",,,"01/03/1998","09:40",6,30,0,-1,0,1,1,2,0,2,Cheshire
"2019030846333",-2.96165,54.425533,"07/06/2019","15:44",6,30,0,-1,0,1,2,2,0,2,Cumbria
"200291NH03487",-6.36866,58.208374,"08/05/2002","17:24",6,30,16,4,0,1,1,1,20,2,Northern
"1997600DE1001",,,"14/01/1997","11:05",6,30,13,4,0,1,1,1,0,1,North Wales
"2001600FL3082",-3.032754,53.15612,"10/07/2001","16:50",6,60,16,4,0,1,1,1,0,2,North Wales
"201606L011365",-2.519313,53.495926,"23/01/2016","17:25",6,30,13,4,0,4,2,2,0,1,Greater Manchester
"201301PY20320",0.103859,51.389297,"23/06/2013","12:25",6,30,16,4,0,1,1,1,0,1,Metropolitan Police
"201201EO40346",-0.109863,51.521984,"01/06/2012","12:30",6,30,13,4,13,1,1,2,0,1,Metropolitan Police
"200001ZD01198",-0.102036,51.34254,"11/10/2000","21:45",6,30,16,4,0,4,2,2,0,1,Metropolitan Police
"200201ZD01016",-0.119144,51.39111,"01/10/2002","07:58",6,30,13,4,0,1,1,1,0,1,Metropolitan Police
"199801YE00219",,,"08/04/1998","06:45",6,30,13,4,13,1,1,2,0,1,Metropolitan Police
"201501YR90804",-0.153076,51.59098,"14/09/2015","19:45",6,30,13,4,0,4,1,2,0,1,Metropolitan Police
"201101XH30735",-0.421541,51.500336,"12/12/2011","10:17",6,30,13,4,0,1,1,2,0,1,Metropolitan Police
"199701NH00105",,,"17/03/1997","06:01",6,30,16,2,15,1,1,1,11,1,Metropolitan Police
"201301CW11398",-0.158825,51.512512,"08/10/2013","22:50",3,30,0,2,15,4,1,1,0,1,Metropolitan Police
"201897QA00611",-4.218948,55.767345,"12/11/2018","15:50",3,50,13,4,0,1,1,2,0,1,Strathclyde
"201560S076527",-3.020413,53.07142,"28/05/2015","15:49",6,30,13,4,0,1,1,1,0,1,North Wales
"200001EK01609",-0.130423,51.52681,"19/12/2000","09:55",6,30,13,4,0,1,1,1,0,1,Metropolitan Police
"201301XH30184",-0.476446,51.48272,"10/04/2013","16:20",6,30,0,-1,0,1,1,1,0,1,Metropolitan Police
"200901GD10874",-0.088056,51.526398,"17/12/2009","00:24",6,30,0,-1,0,4,6,3,0,1,Metropolitan Police
"2019010168172",-0.131077,51.399746,"10/03/2019","13:06",3,30,0,-1,0,1,4,1,0,1,Metropolitan Police
"201501HT20693",-0.049506,51.524918,"15/07/2015","23:55",6,30,13,4,0,4,1,2,0,1,Metropolitan Police
"2001070102786",-2.893493,53.262783,"21/04/2001","14:30",1,30,0,4,0,1,1,1,0,2,Cheshire
"199501ZP00714",,,"20/07/1995","14:30",6,30,13,4,0,1,1,1,0,1,Metropolitan Police
"199796E051037",,,"09/05/1997","16:00",6,30,19,4,0,1,1,1,0,1,Central
"199896E828713",,,"25/12/1998","19:00",6,60,0,-1,0,6,2,2,0,2,Central
"199793971011C",,,"26/02/1997","19:40",6,30,16,3,0,4,1,1,0,1,Tayside
"199697AB06309",,,"27/09/1996","17:25",6,30,16,2,15,1,4,2,0,1,Strathclyde
"2009609024444",-4.10514,52.87478,"31/10/2009","10:30",6,60,19,4,0,1,1,1,17,2,North Wales
"2004620100805",-3.950445,51.61911,"08/01/2004","07:00",6,30,13,4,0,4,2,2,0,1,South Wales
"2019970904705",-4.823851,56.069336,"02/12/2019","12:00",6,60,0,-1,0,1,1,2,0,2,Strathclyde
"2021991024470",-3.127402,55.961647,"28/02/2021","13:20",6,40,0,-1,17,1,1,1,21,1,Police Scotland
"199663C524296",,,"23/08/1996","17:18",6,60,0,-1,0,1,2,2,0,2,Dyfed-Powys
"200963DP33509",-3.359428,51.940536,"18/10/2009","14:40",1,60,0,4,0,1,1,1,0,2,Dyfed-Powys
"2013921303455",-2.114446,57.137318,"10/09/2013","07:10",1,30,0,4,14,1,1,1,0,1,Grampian
"200097LB70607",-4.717879,56.475574,"18/07/2000","11:00",6,60,0,-1,0,1,1,1,0,2,Strathclyde
"1999949902581",-3.288679,56.073452,"06/08/1999","11:00",6,60,0,-1,0,1,1,1,0,2,Fife
"201763B102917",-4.008072,52.404007,"24/10/2017","15:50",6,60,0,-1,0,1,8,2,0,2,Dyfed-Powys
"2024610026824",-3.22208,51.68362,"18/07/2024","16:53",1,30,0,4,0,1,1,1,0,2,Gwent
"2005610004005",-3.214147,51.79691,"29/01/2005","20:03",6,30,13,4,0,4,1,2,0,1,Gwent
"2013030000420",-2.721958,54.216812,"25/02/2013","08:16",3,70,0,-1,0,1,1,1,0,2,Cumbria
"201504EF15251",-2.268802,53.79328,"30/08/2015","19:45",6,30,13,2,15,1,1,1,0,1,Lancashire
"200297EB04910",-4.166509,55.842773,"26/10/2002","00:15",3,30,0,-1,0,4,2,2,0,1,Strathclyde
"200963CP29809",-4.687522,51.81922,"06/11/2009","18:38",6,40,13,4,0,4,1,2,0,2,Dyfed-Powys
"1998030001523",,,"31/05/1998","17:50",6,30,13,4,0,1,2,2,0,1,Cumbria
"2004030003614",-2.743501,54.655087,"15/11/2004","16:30",1,70,0,4,0,4,1,2,0,2,Cumbria
"2000950011420",-3.546725,55.881332,"10/12/2000","08:40",6,40,0,-1,0,1,1,2,0,1,Lothian and Borders
"2019610068019",-3.173746,51.789246,"26/12/2019","09:10",6,60,0,-1,17,1,1,1,0,1,Gwent
"2006030000630",-2.941728,54.91505,"09/03/2006","08:15",6,30,19,2,0,1,1,1,0,1,Cumbria
"200401DM01142",-0.151266,51.514103,"28/08/2004","14:35",6,30,16,2,0,1,1,1,0,1,Metropolitan Police
"2006030001727",-3.526964,54.48668,"24/06/2006","08:25",6,30,0,-1,0,1,2,2,0,2,Cumbria
"200963AC40809",-3.963577,51.932636,"07/10/2009","07:50",6,60,0,-1,0,1,1,1,0,2,Dyfed-Powys
"200163DP32701",-3.599554,52.654934,"12/11/2001","12:40",6,60,0,-1,0,1,1,1,0,2,Dyfed-Powys
"199897LA03003",,,"14/03/1998","16:30",6,30,0,-1,0,1,1,1,0,1,Strathclyde
"1998600FL5107",,,"22/10/1998","18:10",6,60,0,-1,0,1,1,1,0,2,North Wales
"200905CC03649",-2.759208,53.38381,"24/12/2009","00:07",6,30,0,-1,0,4,3,3,0,1,Merseyside
"199901RY00792",0.163205,51.47113,"17/12/1999","17:45",6,30,18,4,0,1,1,2,0,1,Metropolitan Police
"200801QK50598",-0.324425,51.57902,"11/11/2008","10:40",6,30,0,-1,0,1,1,1,0,1,Metropolitan Police
"200101BS00068",-0.172175,51.495815,"26/01/2001","08:35",3,30,18,4,0,1,1,1,0,1,Metropolitan Police
"200501TW60442",-0.363002,51.413025,"06/10/2005","15:30",6,30,13,4,13,1,1,1,0,1,Metropolitan Police
"200401TC00365",-0.019237,51.52094,"15/04/2004","23:40",6,30,13,4,13,4,1,1,0,1,Metropolitan Police
"201097AE01306",-4.375811,55.89589,"27/06/2010","15:00",3,30,16,2,15,1,1,1,0,1,Strathclyde
"2001620028607",-4.01274,51.668777,"02/01/2001","19:41",6,30,0,-1,0,4,1,1,11,1,South Wales
"200904FB09005",-2.313952,53.80063,"30/01/2009","11:20",9,30,0,-1,0,1,1,2,0,1,Lancashire
"201504SA15492",-2.750433,53.791054,"02/11/2015","08:25",6,30,16,3,0,1,1,1,0,1,Lancashire
"2017961700060",-3.752709,55.99945,"06/01/2017","21:00",3,60,0,4,0,4,1,1,0,2,Central
"199797RA01207",,,"17/07/1997","23:05",6,60,13,4,0,4,1,1,0,2,Strathclyde
"1997929700734",,,"20/02/1997","08:25",6,30,13,4,0,1,1,2,0,2,Grampian
"200901PY20175",-0.023415,51.391064,"09/01/2009","20:40",6,30,18,4,0,4,1,2,0,1,Metropolitan Police
"201001YE80330",-0.039213,51.643036,"06/05/2010","18:46",6,30,13,3,13,1,1,1,0,1,Metropolitan Police
"199901XH00576",-0.486272,51.551277,"28/06/1999","16:40",3,30,13,4,0,1,2,2,0,1,Metropolitan Police
"201001EO40100",-0.114163,51.553978,"02/03/2010","08:00",6,30,13,4,0,1,1,1,0,1,Metropolitan Police
"199601BS00282",,,"07/06/1996","18:20",6,30,13,4,14,1,1,1,0,1,Metropolitan Police
"201001WW50166",-0.1677,51.42776,"08/03/2010","17:40",6,30,16,2,15,1,1,1,0,1,Metropolitan Police
"201301QK50487",-0.201512,51.54474,"16/08/2013","07:40",6,30,13,4,14,1,2,2,0,1,Metropolitan Police
"201101PY20344",0.109406,51.388027,"08/07/2011","13:05",6,30,16,2,0,1,1,1,0,1,Metropolitan Police
"200601YE80367",-0.095087,51.613472,"16/05/2006","11:35",6,30,13,4,0,1,1,1,0,1,Metropolitan Police
"200301TC00293",0.047948,51.54047,"07/07/2003","18:10",6,30,13,4,0,1,1,1,0,1,Metropolitan Police
"2023010422711",0.023401,51.51757,"20/01/2023","17:01",7,20,0,4,15,4,1,1,99,1,Metropolitan Police
"2016010011966",-0.033411,51.516502,"21/09/2016","16:03",6,30,0,-1,0,1,1,1,0,1,Metropolitan Police
"201001WW50132",-0.215183,51.464375,"24/02/2010","06:50",6,30,13,2,15,1,1,1,0,1,Metropolitan Police
"200801CW10005",-0.188951,51.519634,"21/01/2008","16:37",3,30,0,4,0,1,2,2,13,1,Metropolitan Police
"2020010248732",-0.034273,51.68003,"22/05/2020","21:20",9,30,16,2,99,1,9,9,99,1,Metropolitan Police
"199801RG00206",,,"10/04/1998","21:45",6,30,16,2,15,4,1,1,0,1,Metropolitan Police
"199801BH00183",,,"12/07/1998","19:55",6,30,0,-1,0,1,1,1,0,1,Metropolitan Police
"199504D007395",,,"12/03/1995","06:15",6,30,16,2,15,1,1,1,0,1,Lancashire
"200004F041700",-2.294717,53.69911,"19/07/2000","08:15",1,30,0,4,17,1,1,1,0,2,Lancashire
"201204EA12353",-2.475302,53.783047,"11/11/2012","22:29",6,40,0,-1,0,4,1,1,0,1,Lancashire
"2006950001433",-3.283684,55.918232,"17/02/2006","12:05",6,30,13,4,0,1,1,1,0,1,Lothian and Borders
"199662J040296",,,"26/10/1996","16:12",6,30,13,4,0,1,1,2,0,1,South Wales
"200104B061201",-2.785803,54.065773,"02/10/2001","07:38",6,40,0,-1,0,1,1,1,0,1,Lancashire
"201263DP14112",-3.30321,52.6627,"22/06/2012","14:40",6,60,0,-1,0,1,5,2,0,2,Dyfed-Powys
"2017030170206",-3.559497,54.52168,"29/03/2017","16:40",6,30,0,-1,0,1,2,2,0,2,Cumbria
"201504SC15227",-2.706671,53.69811,"05/09/2015","19:00",6,30,13,2,12,1,1,1,0,1,Lancashire
"1999600GS2037",-4.090114,52.586514,"09/08/1999","15:50",6,30,0,-1,0,1,1,1,0,2,North Wales
"1997030001126",,,"11/04/1997","12:00",6,30,0,-1,0,1,1,1,0,2,Cumbria
"200704DF07087",-2.696264,53.791378,"25/04/2007","08:20",6,30,13,4,0,1,1,1,0,1,Lancashire
"201104CJ11077",-2.921796,53.55492,"05/10/2011","16:25",6,60,0,-1,0,1,1,1,0,2,Lancashire
"2024991486909",-3.80574,55.67521,"03/09/2024","13:30",6,30,0,-1,0,1,1,1,0,2,Police Scotland
"1998950155798",,,"10/02/1998","18:15",6,30,16,4,0,4,1,2,0,2,Lothian and Borders
"2000940003436",-3.011181,56.200394,"23/09/2000","21:10",6,30,16,2,11,4,1,1,18,1,Fife
"199797FA03412",,,"18/12/1997","12:40",12,30,13,4,0,1,5,2,0,1,Strathclyde
"201101LX50712",-0.107528,51.47051,"13/09/2011","08:55",6,30,13,2,15,1,1,1,0,1,Metropolitan Police
"199801JL00294",,,"21/07/1998","19:45",6,30,0,-1,0,1,1,1,0,1,Metropolitan Police
"2022010398075",-0.179925,51.45948,"06/09/2022","14:44",2,20,13,4,13,1,1,1,0,1,Metropolitan Police
"1994074C30800",,,"01/06/1994","16:50",6,30,13,4,0,1,2,2,0,1,Cheshire
"199604L019896",,,"23/06/1996","18:40",6,40,0,-1,0,1,1,1,0,2,Lancashire
"2018010114861",-0.196055,51.514854,"16/06/2018","23:50",6,30,0,-1,99,7,1,1,0,1,Metropolitan Police
"2002610118402",-3.007889,51.599422,"09/07/2002","09:15",3,70,0,4,0,1,1,1,0,2,Gwent
"199401ZP00961",,,"05/10/1994","11:00",6,30,13,4,0,1,1,1,0,1,Metropolitan Police
"199701AB00071",,,"22/02/1997","11:05",6,30,0,-1,14,1,1,1,0,1,Metropolitan Police
"2009930001278",-3.450634,56.3981,"21/03/2009","10:00",6,30,13,4,0,1,1,1,0,1,Tayside
"2022610028422",-2.96721,51.897816,"14/07/2022","03:45",6,60,13,4,0,4,1,1,0,2,Gwent
"2008620185122",-3.37995,51.736725,"10/12/2008","16:46",1,70,0,4,0,1,1,1,0,2,South Wales
"202006L170972",-2.646267,53.549625,"02/05/2020","12:45",6,30,0,-1,0,1,1,1,0,1,Greater Manchester
"2001050198868",-2.897062,53.397415,"16/11/2001","08:17",3,40,0,-1,0,1,1,2,0,1,Merseyside
"199997XA01802",-4.651704,55.928005,"28/02/1999","15:05",6,30,0,-1,0,1,1,2,0,1,Strathclyde
"201297QB70201",-3.945876,55.69781,"03/01/2012","09:00",3,70,0,-1,0,1,5,2,0,2,Strathclyde
"2003600DE4066",-3.453431,53.252686,"03/06/2003","12:00",6,30,13,4,0,1,1,1,0,2,North Wales
"2006620154002",-3.960161,51.616608,"26/05/2006","15:30",6,30,13,4,0,1,1,1,0,1,South Wales
"2016621600314",-3.217277,51.474583,"26/02/2016","07:08",3,70,0,-1,0,1,1,1,0,2,South Wales
"201160M166748",-4.076474,52.59152,"04/10/2011","15:30",6,40,0,-1,0,1,1,1,0,2,North Wales
"2007620171026",-3.436783,51.60152,"13/09/2007","20:25",1,60,0,4,0,4,1,1,0,2,South Wales
"201001PY20726",0.064907,51.36058,"14/12/2010","20:20",6,30,16,2,15,4,1,1,0,1,Metropolitan Police
"200301ZD00296",-0.064674,51.387524,"06/03/2003","17:30",6,30,0,-1,17,4,1,1,0,1,Metropolitan Police
"2019010180177",-0.098345,51.55339,"11/05/2019","08:53",6,20,-1,9,13,1,1,1,0,1,Metropolitan Police
"200601VK30098",-0.256317,51.435226,"11/04/2006","00:39",3,40,0,-1,0,4,1,1,0,1,Metropolitan Police
"200601LX50663",-0.136615,51.41747,"20/08/2006","15:53",6,30,16,4,0,1,2,2,0,1,Metropolitan Police
"200501KG70125",0.068424,51.53723,"04/03/2005","20:33",3,50,0,-1,0,4,2,2,0,1,Metropolitan Police
"200501ZT80073",-0.188823,51.36649,"09/02/2005","13:30",6,30,13,4,0,1,1,1,0,1,Metropolitan Police
"2021991093102",-3.59996,55.06309,"22/09/2021","15:20",6,30,13,4,11,1,1,1,0,1,Police Scotland
"2010950003620",-3.511517,55.8886,"20/05/2010","10:00",6,30,0,4,12,1,1,1,0,1,Lothian and Borders
"200297NA70903",-3.976033,55.891544,"31/03/2002","11:20",6,60,0,-1,0,1,1,1,0,2,Strathclyde
"199763C523797",,,"17/08/1997","22:45",6,60,13,4,0,6,1,1,0,2,Dyfed-Powys
"199762B015897",,,"29/03/1997","17:35",6,30,13,3,0,1,1,1,0,1,South Wales
"201263DP02012",-3.144508,52.661102,"12/01/2012","15:40",6,30,13,4,0,1,1,1,0,2,Dyfed-Powys
"200904DR09008",-2.723605,53.81,"18/05/2009","22:00",6,30,16,2,0,4,1,1,0,2,Lancashire
"200496E401507",-4.304483,56.181522,"09/06/2004","12:10",6,60,0,-1,0,1,1,1,0,2,Central
"1999600WR6006",-2.82524,52.98775,"20/01/1999","15:40",6,60,0,-1,0,1,1,2,0,2,North Wales
"2002620050767",-3.192668,51.49887,"08/01/2002","08:25",6,30,13,2,11,1,1,1,0,1,South Wales
"199797QC07303",,,"27/03/1997","18:05",6,60,0,-1,0,1,2,2,0,2,Strathclyde
"2014930000168",-3.405077,56.348938,"21/03/2014","11:00",2,30,13,4,0,1,1,1,0,2,Tayside
"201397BC00905",-4.229928,55.8908,"16/05/2013","20:15",6,30,0,-1,0,1,1,1,0,1,Strathclyde
"2013621300950",-3.932059,51.62157,"11/06/2013","17:09",3,30,0,-1,0,1,1,1,0,1,South Wales
"2008620184635",-3.287329,51.407047,"28/11/2008","18:30",3,30,13,4,0,4,1,1,0,1,South Wales
"2004610083904",-3.218013,51.681953,"11/08/2004","17:25",6,30,13,4,0,1,1,1,0,1,Gwent
"201504WB15095",-2.795259,54.025803,"17/03/2015","14:35",6,30,13,4,0,1,1,1,0,1,Lancashire
"201001YE80242",-0.103624,51.6235,"28/03/2010","23:10",6,30,16,2,15,4,2,2,0,1,Metropolitan Police
"199501XH00888",,,"27/09/1995","10:40",1,30,0,4,0,1,1,1,0,1,Metropolitan Police
"2021010322141",-0.391968,51.475456,"30/07/2021","20:00",6,40,-1,2,14,1,1,1,0,1,Metropolitan Police
"201201VK30315",-0.285113,51.407776,"01/11/2012","18:30",6,30,0,-1,0,1,1,1,0,1,Metropolitan Police
"200001PL00108",-0.052856,51.47285,"30/01/2000","21:15",6,30,16,4,0,4,1,1,0,1,Metropolitan Police
"200301PL01001",-0.018401,51.443855,"07/11/2003","07:50",12,30,13,4,0,1,1,1,0,1,Metropolitan Police
"200501CW11497",-0.161643,51.514088,"13/08/2005","14:25",3,30,16,2,15,1,2,2,0,1,Metropolitan Police
"199604G007396",,,"28/04/1996","03:35",6,30,0,-1,0,4,1,1,0,1,Lancashire
"2008950000990",-3.190029,55.953228,"28/01/2008","18:58",6,30,0,-1,0,4,4,1,0,1,Lothian and Borders
"2011610026611",-3.23229,51.637745,"05/05/2011","16:16",3,40,0,4,0,1,1,1,0,2,Gwent
"200804CM08172",-2.705222,53.737125,"26/09/2008","09:35",6,30,0,-1,0,1,1,1,0,1,Lancashire
"201504EG15156",-2.211761,53.830513,"17/07/2015","00:30",6,30,16,4,0,4,1,1,0,1,Lancashire
"201704EF17045",-2.236056,53.80073,"27/02/2017","19:35",6,30,13,4,14,4,1,2,16,1,Lancashire
"200663CP31006",-4.97652,51.99375,"22/10/2006","01:45",1,30,0,4,0,4,2,2,0,2,Dyfed-Powys
"2016610032816",-3.206587,51.649326,"29/07/2016","20:15",6,30,0,4,0,1,1,1,0,1,Gwent
"2001070103709",-2.459481,53.081867,"19/06/2001","08:47",6,30,16,2,15,1,3,2,0,1,Cheshire
"200604FG06037",-2.204617,53.82837,"27/03/2006","19:22",6,30,13,4,0,4,2,2,0,1,Lancashire
"2022991195421",-3.931441,57.30457,"05/07/2022","11:39",6,60,0,-1,0,1,1,1,0,2,Police Scotland
"1999950256699",-3.263673,55.94252,"13/03/1999","00:10",6,30,0,-1,0,5,4,2,0,1,Lothian and Borders
"2004620103438",-3.447694,51.71298,"20/01/2004","22:59",12,30,0,-1,0,4,1,1,0,1,South Wales
"1998610112798",,,"28/08/1998","16:15",1,60,0,4,0,1,1,1,0,2,Gwent
"2022010387341",-0.180658,51.544147,"09/07/2022","10:00",2,20,0,-1,0,1,1,1,0,1,Metropolitan Police
"199701XS00527",,,"13/08/1997","15:40",6,30,13,4,0,1,1,1,0,1,Metropolitan Police
"200001YE00084",-0.038292,51.614155,"04/02/2000","17:30",6,30,0,-1,0,4,1,1,0,2,Metropolitan Police
"200301YE00274",-0.06166,51.625065,"24/05/2003","10:00",6,30,18,4,14,1,1,1,0,1,Metropolitan Police
"199501RA00255",,,"28/06/1995","17:38",6,30,16,4,17,1,1,1,0,1,Metropolitan Police
"199504L022495",,,"28/06/1995","10:21",1,30,0,4,0,1,1,1,0,1,Lancashire
"199401TW00042",,,"20/01/1994","08:15",6,30,13,4,17,1,1,1,0,1,Metropolitan Police
"2022010414063",-0.009209,51.55972,"09/11/2022","07:30",2,30,13,4,0,1,2,2,0,1,Metropolitan Police
"2003920303757",-2.158283,57.0685,"09/12/2003","16:00",6,30,13,3,0,4,1,2,0,2,Grampian
"1998950880298",,,"07/09/1998","15:00",6,30,13,4,15,1,1,1,0,1,Lothian and Borders
"201263CP20512",-5.037961,51.713005,"29/08/2012","14:19",2,30,0,-1,0,1,1,1,0,1,Dyfed-Powys
"199601ZN00846",,,"05/12/1996","10:45",3,30,13,4,0,1,1,1,0,1,Metropolitan Police
"2022010367754",0.043375,51.460793,"26/03/2022","13:00",6,20,13,4,0,1,1,1,11,1,Metropolitan Police
"200801TX20747",-0.328544,51.47063,"23/11/2008","05:51",1,30,0,4,0,4,1,1,0,1,Metropolitan Police
"200001PL01024",-0.045452,51.47426,"25/09/2000","20:55",6,30,0,-1,0,4,1,2,0,1,Metropolitan Police
"2021041045574",-2.611757,53.622456,"01/03/2021","18:47",6,30,16,4,0,4,1,1,0,1,Lancashire
"2000600DE6025",-3.198698,53.05721,"05/04/2000","12:50",3,60,16,4,0,1,1,1,0,2,North Wales
"2000620024704",-3.807521,51.668606,"13/11/2000","11:55",6,30,19,-1,15,1,8,1,0,1,South Wales
"2023610011723",-3.13517,51.57522,"27/03/2023","09:56",6,60,0,-1,0,1,1,1,0,2,Gwent
"2017010021632",-0.228869,51.56805,"23/02/2017","18:10",7,30,13,4,0,5,4,1,0,1,Metropolitan Police
"201601LX50379",-0.117687,51.458084,"07/01/2016","14:50",6,30,13,4,0,1,1,2,0,1,Metropolitan Police
"200101VW00382",-0.163149,51.404938,"19/07/2001","10:00",6,30,0,-1,0,1,1,1,0,1,Metropolitan Police
"200201KO00282",0.062203,51.517647,"12/04/2002","16:00",6,30,16,4,0,1,1,1,0,1,Metropolitan Police
"199701ZP00098",,,"27/01/1997","09:55",6,30,13,4,0,1,1,1,0,1,Metropolitan Police
"199501ZP00428",,,"01/05/1995","06:50",6,30,13,4,0,1,1,1,0,2,Metropolitan Police
"199501TG00498",,,"28/11/1995","09:50",6,30,0,-1,0,1,1,2,0,1,Metropolitan Police
"199701ID00026",,,"24/02/1997","13:39",12,30,0,-1,0,1,4,1,0,1,Metropolitan Police
"2015030001226",-3.235311,54.121944,"19/05/2015","10:05",9,20,0,-1,13,1,1,1,0,1,Cumbria
"2023041358289",-2.687095,53.623253,"29/09/2023","15:45",3,70,0,-1,0,1,1,1,0,2,Lancashire
"199501TG00311",,,"26/07/1995","10:45",6,30,13,4,0,1,1,1,0,1,Metropolitan Police
"2024991411553",-4.79655,55.94082,"19/02/2024","09:24",3,30,0,-1,14,1,1,2,19,1,Police Scotland
"2010950008992",-3.698491,55.90072,"05/12/2010","14:10",6,30,19,4,15,1,8,4,0,2,Lothian and Borders
"1999930000911",-3.001634,56.482956,"22/12/1999","12:15",6,30,0,4,0,1,1,2,0,1,Tayside
"200301ZD01175",-0.106194,51.35313,"12/12/2003","17:10",6,30,13,4,13,4,1,1,0,1,Metropolitan Police
"201101XD80376",-0.375975,51.54189,"21/06/2011","19:27",6,30,0,4,0,1,1,1,0,1,Metropolitan Police
"199801GD00582",,,"27/11/1998","16:55",6,30,13,2,15,5,1,1,0,1,Metropolitan Police
"199601HH00312",,,"24/08/1996","07:11",3,40,13,4,0,1,2,2,0,1,Metropolitan Police
"201001WW50767",-0.165885,51.48025,"11/10/2010","20:51",6,30,0,-1,0,4,1,1,0,1,Metropolitan Police
"199793976030E",,,"08/12/1997","08:10",3,60,16,4,0,1,1,2,0,2,Tayside
"201497BE01412",-4.289671,55.890396,"16/12/2014","21:40",3,30,0,-1,15,4,2,2,0,1,Strathclyde
"2002610074902",-2.980228,51.602264,"02/07/2002","19:15",1,30,0,4,0,1,2,2,0,1,Gwent
"200301KD00225",0.234533,51.56341,"09/03/2003","11:35",6,30,13,4,0,1,1,1,0,1,Metropolitan Police
"2018010096658",-0.403751,51.477398,"16/03/2018","14:58",1,40,0,4,0,1,1,1,0,1,Metropolitan Police
"1995075M10314",,,"08/08/1995","10:30",12,70,0,4,0,1,1,1,0,2,Cheshire
"201563BC06715",-4.023126,52.379818,"27/05/2015","07:15",6,60,0,-1,0,1,1,1,0,2,Dyfed-Powys
"199762D008197",,,"20/03/1997","16:00",6,30,13,4,0,1,1,1,0,2,South Wales
"200404A074604",-2.967296,53.853584,"27/12/2004","13:15",6,40,13,4,0,1,1,2,0,1,Lancashire
"201001EO40777",-0.120855,51.531605,"13/12/2010","19:40",6,30,13,4,0,4,1,2,0,1,Metropolitan Police
"2022010407802",0.052041,51.552197,"01/11/2022","07:00",6,30,19,4,0,1,5,2,0,1,Metropolitan Police
"201601JI40175",0.037822,51.594604,"27/03/2016","15:55",6,30,13,4,0,1,1,1,0,1,Metropolitan Police
"2002070206733",-2.417807,53.310524,"09/12/2002","12:40",3,50,0,4,0,1,1,1,0,2,Cheshire
"199504M045595",,,"08/11/1995","15:13",6,30,0,-1,0,1,1,2,0,1,Lancashire
"2016010025230",-0.40909,51.49792,"22/10/2016","23:52",1,30,0,2,0,4,1,1,0,1,Metropolitan Police
"199401LX00628",,,"03/09/1994","12:00",6,30,13,4,0,1,1,1,0,1,Metropolitan Police
"199401PD00599",,,"04/11/1994","15:30",12,30,19,2,15,1,2,2,0,1,Metropolitan Police
"2021010340165",0.001508,51.54064,"28/10/2021","08:40",6,30,13,2,15,1,1,1,0,1,Metropolitan Police
"200601PL60463",-0.024374,51.432175,"20/06/2006","18:22",6,30,0,-1,0,1,1,1,0,1,Metropolitan Police
"2005030001772",-3.029077,54.448532,"12/06/2005","16:04",6,60,0,-1,0,1,1,2,0,2,Cumbria
"200201RY00128",0.148479,51.47338,"05/03/2002","12:10",6,30,13,4,0,1,1,1,0,1,Metropolitan Police
"200101XS00672",-0.247601,51.53132,"24/05/2001","16:02",6,30,16,4,0,1,1,1,0,1,Metropolitan Police
"200401EO01275",-0.183258,51.550392,"02/09/2004","09:40",6,30,0,-1,0,1,1,1,0,1,Metropolitan Police
"200001GN00049",-0.071671,51.56273,"06/02/2000","03:17",12,30,13,2,15,4,1,1,0,1,Metropolitan Police
"1996050113035",,,"14/05/1996","23:53",6,30,13,4,0,5,1,1,0,1,Merseyside
"200305ET02245",-2.944465,53.41224,"15/09/2003","12:46",6,30,17,2,0,1,1,1,0,1,Merseyside
"200405ET00596",-2.959606,53.443222,"14/03/2004","19:58",6,30,0,-1,14,4,1,1,0,1,Merseyside
"200301SX00640",-0.186158,51.593513,"08/06/2003","14:57",3,40,0,-1,0,1,1,1,0,1,Metropolitan Police
"199501QD00056",,,"31/01/1995","13:10",6,30,13,4,0,1,2,2,0,1,Metropolitan Police
"2019010187983",-0.271487,51.507347,"17/06/2019","19:15",1,20,0,4,0,1,1,1,0,1,Metropolitan Police
"200601YR90666",-0.111267,51.60645,"15/08/2006","09:45",6,30,13,4,0,1,1,1,0,1,Metropolitan Police
"2024010524746",-0.04694,51.49319,"31/07/2024","19:12",9,20,-1,9,99,1,9,9,99,1,Metropolitan Police
"2007983101807",-4.004005,55.380966,"08/01/2007","10:30",6,60,13,4,0,1,1,2,0,2,Dumfries and Galloway
"199862G035898",,,"17/10/1998","14:10",3,70,0,-1,0,1,1,1,0,2,South Wales
"2021991112501",-4.361027,55.889328,"01/09/2021","22:30",3,30,0,-1,0,4,1,1,0,1,Police Scotland
"2001620040813",-3.597205,51.506737,"24/07/2001","15:19",6,30,13,4,0,1,1,1,0,1,South Wales
"199401JO00201",,,"08/06/1994","23:20",1,30,0,4,0,7,1,1,0,2,Metropolitan Police
"2000950006134",-3.222351,55.942127,"04/07/2000","19:00",6,30,16,1,0,1,9,1,0,1,Lothian and Borders
"2009930002552",-4.230319,56.704212,"08/07/2009","15:00",6,60,0,-1,0,1,1,1,0,2,Tayside
"199797GA00706",,,"08/06/1997","18:45",3,30,0,-1,0,1,1,1,0,1,Strathclyde
"199962B017799",-3.474977,51.59044,"11/04/1999","23:50",6,30,0,-1,0,4,5,2,0,2,South Wales
"2007620163645",-3.297628,51.58273,"03/02/2007","11:35",9,30,0,-1,0,6,9,1,0,1,South Wales
"200701SX20180",-0.203422,51.587753,"09/03/2007","15:00",6,30,13,4,0,1,1,1,0,1,Metropolitan Police
"200901GD10509",-0.054199,51.546165,"07/08/2009","14:36",6,30,18,4,0,1,1,1,0,1,Metropolitan Police
"201401EO40076",-0.103248,51.54589,"28/01/2014","21:26",1,30,0,4,14,4,2,2,0,1,Metropolitan Police
"200701JI66358",0.098951,51.56448,"02/08/2007","16:50",6,30,19,4,12,1,1,1,0,1,Metropolitan Police
"199701HH00356",,,"08/09/1997","18:45",6,30,16,4,0,1,1,1,0,1,Metropolitan Police
"199501JL00470",,,"21/10/1995","15:40",6,30,13,4,0,1,1,1,0,1,Metropolitan Police
"199904C119199",-2.624643,53.691013,"22/12/1999","21:16",3,70,0,-1,0,6,1,2,0,2,Lancashire
"2001920101943",-3.470321,57.67269,"22/05/2001","16:00",6,60,0,-1,0,1,1,1,0,2,Grampian
"2024010544837",-0.19542,51.57229,"18/11/2024","08:40",6,30,0,4,13,1,2,2,0,1,Metropolitan Police
"200201ZD00609",-0.105869,51.357533,"18/06/2002","11:14",6,30,0,4,17,1,2,2,20,1,Metropolitan Police
"200501FH10320",-0.223325,51.503075,"10/07/2005","19:10",3,30,13,2,15,1,1,1,0,1,Metropolitan Police
"201201TB00599",-0.415655,51.52049,"17/06/2012","00:47",6,30,13,4,0,4,1,1,0,1,Metropolitan Police
"199701PD00608",,,"29/10/1997","09:40",6,30,13,4,13,1,1,1,0,1,Metropolitan Police
"2023010437463",-0.201788,51.52435,"14/04/2023","21:51",6,20,16,2,14,4,2,2,0,1,Metropolitan Police
"2002070202699",-2.397861,53.231487,"22/05/2002","17:45",3,70,0,-1,0,1,1,1,0,2,Cheshire
"2007070701324",-2.557827,53.275074,"08/04/2007","16:20",6,30,13,4,0,1,1,1,0,1,Cheshire
"2003030001213",-3.217201,54.119167,"11/04/2003","12:46",6,30,0,-1,0,1,1,1,0,1,Cumbria
"2013950005715",-2.944431,55.942657,"21/10/2013","22:00",6,30,17,4,0,4,1,2,0,1,Lothian and Borders
"1999950010602",-3.17477,55.967663,"11/11/1999","08:10",6,30,13,4,0,1,1,1,0,1,Lothian and Borders
"2014950005649",-3.156913,55.927574,"07/11/2014","22:30",6,30,19,4,0,4,1,1,0,2,Lothian and Borders
"2000930002377",-2.585457,56.55605,"28/07/2000","16:05",6,30,13,4,0,1,1,1,0,1,Tayside
"200097AC03310",-4.283983,55.865723,"17/10/2000","11:40",6,30,13,4,0,1,1,1,0,1,Strathclyde
"200797GB23209",-4.291443,55.813274,"23/09/2007","15:30",6,30,13,4,0,1,1,1,0,1,Strathclyde
"199901PY01295",0.111993,51.41298,"28/09/1999","08:30",6,40,0,4,0,1,1,1,0,2,Metropolitan Police
"200601PY20285",0.055657,51.407417,"05/02/2006","00:30",6,30,13,4,0,4,1,2,0,1,Metropolitan Police
"2018010082633",0.247457,51.553417,"10/01/2018","08:20",6,30,0,-1,0,1,1,1,0,1,Metropolitan Police
"2017010014059",0.065247,51.55623,"24/01/2017","14:07",7,30,0,2,15,1,1,1,0,1,Metropolitan Police
"200801CW73530",-0.193258,51.51278,"30/06/2008","15:03",6,30,19,4,0,1,1,1,0,1,Metropolitan Police
"1995075C12009",,,"29/11/1995","12:30",6,30,0,-1,0,1,1,1,0,1,Cheshire
"199904B078599",-2.787278,54.111423,"20/11/1999","13:57",6,30,0,4,0,1,1,1,0,2,Lancashire
"201304CL13117",-2.675944,53.687767,"24/06/2013","17:15",6,50,16,2,15,1,1,1,0,2,Lancashire
"201297UA03703",-4.635888,55.6168,"18/03/2012","09:10",7,40,13,4,0,1,1,1,0,1,Strathclyde
"2000950009246",-3.203703,55.95004,"13/10/2000","16:00",6,30,0,-1,15,1,1,1,20,1,Lothian and Borders
"2004620111630",-3.57685,51.505665,"08/06/2004","08:28",6,30,13,4,0,1,1,1,0,1,South Wales
"199897NB01412",,,"12/12/1998","07:30",6,60,0,-1,0,6,1,2,17,2,Strathclyde
"201397ND02801",-4.040844,55.809124,"29/01/2013","18:19",3,60,0,-1,0,4,4,2,0,1,Strathclyde
"1999620008071",-3.496585,51.531895,"17/12/1999","15:20",6,30,0,-1,0,1,1,1,0,2,South Wales
"201963D111219",-3.569877,52.40911,"24/11/2019","17:06",6,60,0,-1,0,6,1,2,0,2,Dyfed-Powys
"200601KD50532",0.229852,51.54147,"13/09/2006","08:39",6,30,0,-1,0,1,2,2,0,2,Metropolitan Police
"200001TX00566",-0.364677,51.478874,"24/05/2000","05:45",3,30,16,2,0,1,1,1,0,1,Metropolitan Police
"200001MM00051",-0.094959,51.443867,"15/01/2000","14:30",6,30,0,-1,0,1,1,1,0,1,Metropolitan Police
"200701KF68523",0.048667,51.54684,"19/12/2007","10:32",6,30,13,4,13,1,1,1,0,1,Metropolitan Police
"199401TW00797",,,"30/12/1994","11:40",6,30,13,4,13,1,1,1,0,1,Metropolitan Police
"201001TW60165",-0.30387,51.456516,"22/05/2010","14:07",6,30,13,4,0,1,1,1,0,1,Metropolitan Police
"200701MM79166",-0.088133,51.483234,"11/12/2007","16:51",6,30,13,2,15,4,1,1,0,1,Metropolitan Police
"200001WW01282",-0.145757,51.436768,"28/10/2000","09:00",6,30,13,4,0,1,1,1,0,1,Metropolitan Police
"2011030000310",-3.094639,54.194317,"14/02/2011","07:42",3,30,16,2,15,1,1,2,0,1,Cumbria
"201204TA12158",-2.717893,53.825855,"27/10/2012","07:13",3,70,0,-1,0,6,1,1,0,2,Lancashire
"2011950001164",-3.589956,55.898575,"16/02/2011","17:40",3,70,0,-1,0,6,9,2,0,1,Lothian and Borders
"2019970912195",-4.025243,55.850315,"20/12/2019","19:15",6,30,13,4,0,5,1,2,0,1,Strathclyde
"199862L009398",,,"21/04/1998","09:31",3,70,0,-1,0,1,1,2,0,2,South Wales
"201206Q058949",-2.109145,53.536114,"03/04/2012","11:50",6,30,17,2,15,1,1,1,13,1,Greater Manchester
"199706X043997",,,"14/08/1997","18:17",3,70,0,-1,0,1,1,1,0,2,Greater Manchester
"199906F004645",-2.376209,53.478302,"16/06/1999","09:00",6,30,0,-1,0,1,1,1,0,1,Greater Manchester
"201005AA03172",-3.062772,53.396233,"05/05/2010","08:50",6,30,0,-1,0,1,2,2,0,1,Merseyside
"201063CP22610",-5.01316,51.714542,"06/09/2010","12:52",6,60,0,-1,0,1,2,2,0,2,Dyfed-Powys
"200601QA10556",-0.26887,51.601505,"08/12/2006","20:20",6,30,16,4,0,4,1,1,0,1,Metropolitan Police
"2023010453528",-0.111428,51.388065,"05/07/2023","17:25",9,30,-1,9,99,1,1,1,99,1,Metropolitan Police
"200001RG00641",0.044831,51.451584,"09/07/2000","21:45",6,30,13,4,0,4,1,1,0,1,Metropolitan Police
"201201GD10474",-0.065405,51.57099,"31/07/2012","18:00",6,30,13,4,0,1,1,1,0,1,Metropolitan Police
"200101NI00399",-0.134936,51.55395,"19/03/2001","23:26",6,30,16,4,0,4,1,1,0,1,Metropolitan Police
"199601JB00068",,,"23/02/1996","16:44",6,30,0,-1,0,1,1,1,0,1,Metropolitan Police
"199801ZP00025",,,"09/01/1998","11:40",6,30,13,4,0,1,1,1,0,1,Metropolitan Police
"199897RA01403",,,"09/03/1998","08:10",6,30,13,4,0,1,1,1,0,1,Strathclyde
"199797PC02403",,,"15/03/1997","23:50",6,30,0,-1,0,4,2,2,0,1,Strathclyde
"200301XH09069",-0.389275,51.524628,"21/12/2003","13:30",9,30,0,4,0,1,1,1,0,1,Metropolitan Police
"2019010200468",0.019394,51.441658,"19/08/2019","20:00",6,30,0,-1,0,1,1,1,13,1,Metropolitan Police
"1995075A10146",,,"28/01/1995","14:10",6,30,0,-1,0,1,1,1,0,2,Cheshire
"201304BC13177",-3.045653,53.902355,"30/09/2013","18:00",6,20,0,-1,0,1,1,1,0,1,Lancashire
"2010984109410",-3.456293,54.994186,"25/03/2010","21:25",6,60,0,-1,0,6,1,1,0,2,Dumfries and Galloway
"2003950008098",-3.164996,55.95697,"02/10/2003","16:15",6,30,13,2,0,1,1,1,0,1,Lothian and Borders
"2004940404149",-3.222115,56.158054,"17/11/2004","20:45",6,60,0,-1,0,6,1,1,0,2,Fife
"200601TD00231",-0.053847,51.412346,"14/08/2006","08:49",6,30,16,2,0,1,1,2,11,1,Metropolitan Police
"199801ZD00119",,,"25/02/1998","16:38",6,30,18,4,0,1,1,1,0,1,Metropolitan Police
"199901RG00085",0.059698,51.45573,"26/02/1999","20:25",1,30,0,4,0,4,2,2,0,1,Metropolitan Police
"200001GD00532",-0.049387,51.537273,"17/09/2000","20:53",6,30,16,4,13,5,1,1,0,1,Metropolitan Police
"201301GD10071",-0.071069,51.549683,"07/02/2013","20:08",6,30,16,4,0,4,2,2,0,1,Metropolitan Police
"200101TX00659",-0.266086,51.492565,"08/06/2001","13:15",6,30,0,-1,0,1,1,1,0,1,Metropolitan Police
"200601TW60124",-0.302793,51.462257,"22/04/2006","16:20",6,30,0,-1,0,1,1,1,0,1,Metropolitan Police
"200201WW01197",-0.214737,51.464725,"05/12/2002","20:50",6,30,13,2,15,4,1,1,0,1,Metropolitan Police
"2021010304208",-0.171249,51.379814,"28/04/2021","11:00",6,30,13,4,0,1,1,1,0,1,Metropolitan Police
"2022041245536",-2.747491,53.769897,"13/10/2022","17:19",6,20,13,4,12,1,1,1,0,1,Lancashire
"2006983105806",-3.613635,55.070213,"27/01/2006","19:30",6,30,0,-1,15,4,1,1,0,1,Dumfries and Galloway
"201560S069944",-4.261721,53.139626,"16/05/2015","17:52",6,30,0,-1,0,1,1,1,0,2,North Wales
"200263AC33402",-4.049755,51.719845,"02/08/2002","12:50",6,30,0,-1,0,1,1,1,0,2,Dyfed-Powys
"201601PY20101",-0.051692,51.419056,"19/02/2016","07:20",6,30,13,4,0,1,1,4,0,1,Metropolitan Police
"199501XS00072",,,"31/01/1995","13:20",6,30,13,4,17,1,2,2,0,1,Metropolitan Police
"2018010114634",-0.371893,51.51068,"16/06/2018","01:34",6,40,17,1,0,4,1,1,0,1,Metropolitan Police
"200301TB00098",-0.303622,51.60669,"23/05/2003","15:50",6,30,18,4,14,1,2,2,0,1,Metropolitan Police
"199801KF00568",,,"03/11/1998","06:10",6,30,13,4,0,4,1,2,0,1,Metropolitan Police
"200001JI00779",0.117787,51.56306,"15/04/2000","12:00",6,30,0,-1,0,1,1,1,0,1,Metropolitan Police
"2004070404908",-2.377377,53.21897,"05/10/2004","08:15",6,50,16,4,0,6,1,1,0,2,Cheshire
"200697CA02202",-4.283466,55.875977,"17/02/2006","02:00",6,30,0,-1,0,4,1,2,0,1,Strathclyde
"201697GD00503",-4.255623,55.818737,"04/03/2016","13:30",6,30,16,2,15,1,1,1,0,1,Strathclyde
"2020990968611",-4.239824,55.838318,"30/07/2020","21:10",3,30,13,2,14,1,1,1,0,1,Police Scotland
"201960X114477",-3.491665,53.32032,"09/08/2019","15:40",6,30,13,4,0,1,1,1,0,1,North Wales
"2019010212771",-0.208175,51.48773,"19/10/2019","14:09",9,20,13,9,0,1,1,1,0,1,Metropolitan Police
"200701TW66647",-0.410348,51.48247,"15/08/2007","18:18",3,30,0,4,0,1,2,2,0,1,Metropolitan Police
"2007070700874",-2.516853,53.297104,"06/03/2007","00:20",6,60,0,-1,0,6,2,2,0,2,Cheshire
"2001030000393",-2.95149,54.892418,"25/01/2001","17:45",6,30,19,4,14,4,2,2,0,1,Cumbria
"200504CM05112",-2.671447,53.73921,"21/10/2005","14:40",6,30,13,4,0,1,1,2,0,1,Lancashire
"200091NP11571",-5.306915,57.60024,"10/11/2000","07:55",6,60,0,-1,0,1,2,2,0,2,Northern
"2001930002060",-3.482443,56.399433,"14/07/2001","00:01",6,30,0,-1,0,4,2,2,0,1,Tayside
"2009620192941",-3.554985,51.52367,"29/08/2009","07:47",6,30,0,-1,0,1,1,1,0,2,South Wales
"199901ZN00188",-0.084615,51.398735,"18/03/1999","16:15",6,30,0,-1,0,1,1,1,0,1,Metropolitan Police
"2023010424953",-0.362636,51.478046,"27/01/2023","20:00",1,20,0,4,0,4,1,2,16,1,Metropolitan Police
"2016010024620",-0.111067,51.524254,"04/10/2016","19:28",6,30,16,4,0,4,1,1,0,1,Metropolitan Police
"201001KF60259",0.028267,51.525974,"05/05/2010","15:15",6,30,0,-1,0,1,1,1,0,1,Metropolitan Police
"200001YE00042",-0.046229,51.627777,"19/01/2000","17:27",6,30,0,-1,0,4,1,2,0,1,Metropolitan Police
"199701RA00048",,,"28/01/1997","18:12",6,30,16,4,0,4,1,1,0,1,Metropolitan Police
"2022010380253",-0.414292,51.461826,"04/06/2022","12:40",3,30,0,-1,0,1,1,1,0,1,Metropolitan Police
"200401WW00624",-0.165885,51.42998,"22/07/2004","09:55",6,30,13,4,14,1,1,1,0,1,Metropolitan Police
"2021031104757",-3.57972,54.52324,"24/10/2021","19:50",6,30,0,-1,0,4,9,1,0,1,Cumbria
"199901TG00261",-0.410716,51.418,"02/08/1999","05:30",6,40,0,-1,0,1,1,1,0,1,Metropolitan Police
"200391NE21311",-4.43803,57.56707,"25/08/2003","09:30",6,60,0,-1,0,1,1,1,0,2,Northern
"199997DB01702",-4.104278,55.87351,"22/02/1999","22:55",6,30,0,-1,0,4,1,1,0,1,Strathclyde
"201197GB23207",-4.365809,55.836674,"31/07/2011","13:00",3,30,0,-1,0,1,1,1,0,1,Strathclyde
"2009609099196",-3.914559,53.044964,"31/05/2009","07:47",6,60,0,-1,0,1,1,1,0,2,North Wales
"2024631470509",-4.27877,52.21713,"21/07/2024","15:36",6,40,0,-1,0,1,8,1,0,2,Dyfed-Powys
"2020610047220",-3.164053,51.59095,"30/11/2020","12:25",6,20,13,4,0,1,1,1,0,2,Gwent
"199662A014596",,,"07/06/1996","08:10",1,30,0,4,0,1,1,1,0,1,South Wales
"199801VW00713",,,"18/11/1998","10:50",6,30,0,-1,14,1,1,1,0,1,Metropolitan Police
"200201VW00121",-0.197394,51.41527,"01/03/2002","13:35",6,30,0,-1,0,1,1,2,0,1,Metropolitan Police
"2021010342933",-0.132481,51.367744,"10/11/2021","08:40",6,30,13,4,15,1,1,1,0,1,Metropolitan Police
"200101WW01210",-0.204479,51.447304,"31/10/2001","09:25",6,30,13,4,0,1,1,1,0,1,Metropolitan Police
"201804EF18276",-2.26379,53.792767,"31/10/2018","09:45",6,30,0,-1,0,1,1,1,0,1,Lancashire
"201097KB01412",-4.530021,55.829628,"18/12/2010","20:00",6,30,0,-1,0,4,8,4,0,1,Strathclyde
"2006940600167",-3.425251,56.082462,"18/01/2006","14:49",6,30,0,-1,0,1,1,1,0,2,Fife
"199901KG00776",0.119229,51.53201,"18/11/1999","08:25",3,40,0,-1,0,1,1,2,0,1,Metropolitan Police
"201201QK50792",-0.259039,51.54138,"27/11/2012","16:00",6,30,16,2,15,1,1,1,0,1,Metropolitan Police
"200301QA00125",-0.29352,51.594944,"20/01/2003","17:30",3,30,13,4,14,1,2,2,0,1,Metropolitan Police
"200201BS00687",-0.168903,51.48758,"14/11/2002","09:52",6,30,13,2,15,1,1,2,0,1,Metropolitan Police
"2016621601003",-3.306196,51.57145,"10/06/2016","15:59",6,30,16,2,0,1,1,1,0,2,South Wales
"201706M025875",-2.299557,53.41973,"16/01/2017","08:50",6,30,13,1,11,1,1,2,0,1,Greater Manchester
"2021052100321",-2.850435,53.35083,"03/03/2021","08:00",3,40,0,-1,0,1,1,1,0,1,Merseyside
"1996050093294",,,"11/04/1996","11:00",6,30,16,4,0,1,1,1,0,1,Merseyside
"199901YE00521",-0.120111,51.612617,"25/08/1999","19:05",3,40,0,-1,0,1,2,2,0,1,Metropolitan Police
"200701FH10284",-0.200586,51.480427,"17/06/2007","16:11",6,30,0,-1,0,1,1,1,0,1,Metropolitan Police
"199401LD00465",,,"08/11/1994","16:30",12,30,16,2,15,1,1,1,0,1,Metropolitan Police
"200201VW00629",-0.157098,51.4088,"06/11/2002","08:00",6,30,0,-1,0,1,2,2,0,1,Metropolitan Police
"199401KO00094",,,"25/02/1994","21:50",6,30,13,4,0,4,1,2,0,1,Metropolitan Police
"199801JB09006",,,"23/12/1998","18:44",6,30,0,-1,0,4,1,2,0,1,Metropolitan Police
"2009950000344",-3.248138,55.9673,"13/01/2009","07:20",6,30,13,4,0,4,8,2,0,1,Lothian and Borders
"2024991485176",-3.62003,55.85637,"29/08/2024","14:38",6,50,0,-1,13,1,1,1,0,2,Police Scotland
"2003600GN6076",-4.029156,52.940567,"09/12/2003","18:45",6,60,0,-1,0,6,1,1,0,2,North Wales
"2002610020702",-3.016015,51.607716,"11/02/2002","15:30",6,30,0,-1,0,1,2,2,0,2,Gwent
"201604WA16118",-2.878096,53.782814,"15/05/2016","16:50",6,20,13,4,0,1,1,1,0,1,Lancashire
"199704D064297",,,"21/08/1997","16:05",6,40,13,4,0,1,2,2,0,2,Lancashire
"199604H041896",,,"22/11/1996","14:50",6,30,13,2,14,1,1,2,0,1,Lancashire
"2012030000414",-3.214004,54.124954,"06/03/2012","08:30",6,20,0,-1,0,1,1,1,0,1,Cumbria
"199506F116695",,,"25/10/1995","14:00",6,30,16,4,0,1,1,1,0,1,Greater Manchester
"1998050172713",,,"21/08/1998","20:30",6,30,0,-1,0,1,4,1,0,1,Merseyside
"200601QK50698",-0.251741,51.539925,"21/10/2006","21:14",6,30,13,4,0,4,1,1,0,1,Metropolitan Police
"199501EK00006",,,"04/01/1995","09:40",6,30,13,4,0,1,1,1,0,1,Metropolitan Police
"200201YR01102",-0.13048,51.6028,"13/12/2002","05:53",6,30,0,-1,0,4,1,1,0,1,Metropolitan Police
"200001JI00721",0.024365,51.61345,"01/07/2000","14:00",6,30,13,2,15,1,1,2,13,1,Metropolitan Police
"200201ZT00148",-0.184952,51.36265,"10/04/2002","08:16",6,30,13,4,0,1,1,1,0,1,Metropolitan Police
"1995030001190",,,"04/05/1995","18:45",6,30,0,-1,0,1,1,1,0,2,Cumbria
"2007950002093",-3.23566,55.967873,"09/03/2007","08:40",6,30,0,-1,15,1,1,2,0,1,Lothian and Borders
"2017621701107",-3.38749,51.54301,"18/07/2017","10:12",1,40,0,4,0,1,1,1,0,2,South Wales
"201301YR90032",-0.148836,51.598866,"15/01/2013","09:06",6,30,0,-1,0,1,1,2,0,1,Metropolitan Police
"2021010350183",-0.015969,51.473026,"12/12/2021","17:50",6,30,0,-1,0,4,8,1,0,1,Metropolitan Police
"199801QA00580",,,"01/09/1998","16:50",6,30,13,4,0,1,1,1,0,1,Metropolitan Police
"200601EO40588",-0.090063,51.543877,"02/06/2006","08:15",6,30,13,4,0,1,1,1,0,1,Metropolitan Police
"200201LX00326",-0.109113,51.46352,"16/03/2002","15:01",6,30,16,4,0,1,2,2,0,1,Metropolitan Police
"200401MM00309",-0.094326,51.50051,"15/03/2004","21:45",6,30,13,4,0,4,1,1,0,1,Metropolitan Police
"199501HT00405",,,"17/09/1995","12:00",6,30,16,4,0,1,1,1,0,1,Metropolitan Police
"2022010363127",-0.016372,51.57314,"02/03/2022","10:14",6,20,13,4,14,1,2,2,0,1,Metropolitan Police
"200601WW50716",-0.147702,51.47403,"14/10/2006","20:25",6,30,0,-1,0,4,1,1,0,1,Metropolitan Police
"1997929703353",,,"02/08/1997","23:15",6,60,0,-1,0,6,1,1,0,2,Grampian
"2007950005414",-3.1674,55.919746,"24/06/2007","13:05",6,30,17,2,0,1,2,2,0,1,Lothian and Borders
"200797AC02805",-4.266569,55.865864,"25/05/2007","01:05",2,30,0,-1,0,4,1,1,0,1,Strathclyde
"199962F100299",-3.707867,51.518127,"12/09/1999","01:36",3,70,0,-1,0,5,1,1,0,2,South Wales
"2013950005050",-3.247984,55.932617,"12/09/2013","18:00",6,30,16,4,14,1,1,2,0,1,Lothian and Borders
"2017930000144",-3.641505,56.62978,"21/04/2017","16:30",6,60,0,-1,0,1,1,1,0,2,Tayside
"201697NE05306",-3.751598,55.87058,"30/06/2016","07:00",6,60,0,-1,0,1,1,2,0,2,Strathclyde
"1999600FL4020",-3.03136,53.097973,"25/03/1999","08:15",6,30,13,4,0,1,2,2,0,2,North Wales
"2001600WR3106",-2.987172,53.072727,"23/08/2001","18:25",6,60,0,4,0,1,1,1,0,2,North Wales
"2018010088744",0.091057,51.376453,"02/02/2018","09:50",9,30,-1,9,0,1,1,1,0,1,Metropolitan Police
"199901HT00031",-0.071249,51.524956,"11/01/1999","19:05",6,30,0,-1,0,1,1,1,0,1,Metropolitan Police
"201201JC30601",-0.002993,51.62525,"04/12/2012","12:27",6,30,0,-1,0,1,1,1,0,1,Metropolitan Police
"201001CW10199",-0.12497,51.49462,"03/02/2010","19:55",1,30,0,4,13,4,2,2,0,1,Metropolitan Police
"201101CW10437",-0.129683,51.488583,"24/03/2011","09:01",3,30,16,2,15,1,1,1,0,1,Metropolitan Police
"1996076C31419",,,"15/09/1996","11:30",6,30,13,4,0,1,1,1,0,1,Cheshire
"2010961000555",-3.802667,56.153015,"19/03/2010","09:00",6,30,0,-1,0,1,1,1,0,2,Central
"201397QC01911",-3.803114,55.68107,"23/11/2013","09:15",6,40,0,-1,0,1,1,4,14,2,Strathclyde
"199693964471E",,,"26/09/1996","15:10",6,60,0,-1,0,1,2,2,0,2,Tayside
"2018010094243",-0.15958,51.590187,"03/02/2018","19:00",6,30,16,4,0,4,9,2,0,1,Metropolitan Police
"199901QA00432",-0.338057,51.60098,"28/06/1999","23:10",6,30,13,4,0,4,1,1,0,1,Metropolitan Police
"2020010251018",-0.0178,51.448074,"09/06/2020","16:00",6,30,19,4,14,1,1,1,0,1,Metropolitan Police
"200901WW50576",-0.143764,51.47882,"11/08/2009","13:00",6,30,0,-1,14,1,1,1,0,1,Metropolitan Police
"2017010029644",-0.162197,51.46442,"01/04/2017","18:10",6,30,0,-1,17,1,1,1,0,1,Metropolitan Police
"200504CP05031",-2.803976,53.69255,"06/08/2005","17:15",6,30,13,4,0,1,1,1,0,2,Lancashire
"200597UA03405",-4.630926,55.606747,"18/05/2005","12:30",6,30,0,-1,14,1,2,2,0,1,Strathclyde
"2008920804114",-1.782494,57.508938,"17/10/2008","21:00",6,30,16,4,0,4,1,1,0,1,Grampian
"2004940403989",-3.193348,56.071445,"06/11/2004","18:30",6,60,0,-1,0,7,2,2,0,2,Fife
"2022991229587",-4.162883,55.894848,"12/10/2022","09:04",3,70,0,-1,0,1,2,2,0,2,Police Scotland
"1996600CO7095",,,"19/12/1996","14:15",6,40,13,4,0,1,2,2,0,2,North Wales
"200501JC30174",-0.006036,51.5789,"05/03/2005","23:59",6,30,13,4,0,4,2,2,0,1,Metropolitan Police
"200001WW00324",-0.222981,51.448936,"22/03/2000","20:08",3,40,0,4,16,4,1,1,0,1,Metropolitan Police
"200697ED01808",-4.164606,55.865993,"30/08/2006","08:15",1,30,0,4,0,1,1,1,0,1,Strathclyde
"2021991034076",-3.305799,55.96062,"09/04/2021","09:47",3,40,17,2,0,1,1,1,0,1,Police Scotland
"1999949902103",-3.564598,56.1107,"19/07/1999","16:45",6,60,0,-1,0,1,2,2,0,2,Fife
"2012930002225",-3.359619,56.54011,"19/08/2012","14:50",6,60,13,4,0,1,1,1,0,2,Tayside
"2024991441324",-3.97545,55.86307,"10/05/2024","17:25",6,30,0,-1,0,1,1,1,0,1,Police Scotland
"200997UD05508",-4.628464,55.4583,"29/08/2009","11:50",6,30,0,-1,0,1,1,1,0,1,Strathclyde
"200397KA01306",-4.476031,55.84448,"08/06/2003","15:30",1,30,0,4,0,1,2,2,0,1,Strathclyde
"2023010424777",-0.139495,51.540707,"01/02/2023","16:53",6,30,13,4,0,4,1,1,0,1,Metropolitan Police
"201501GD10936",-0.063471,51.545742,"25/11/2015","16:25",6,20,0,-1,0,1,1,1,0,1,Metropolitan Police
"199701BS00216",,,"21/04/1997","16:15",6,30,13,4,0,1,1,1,0,1,Metropolitan Police
"201001VW40249",-0.178651,51.412823,"18/07/2010","01:20",6,30,16,4,0,4,1,1,0,1,Metropolitan Police
"200201KO00496",0.013505,51.518135,"24/06/2002","12:15",6,30,16,2,15,1,1,1,0,1,Metropolitan Police
"2019010164850",-0.194685,51.371105,"21/02/2019","19:21",6,30,13,4,14,4,1,1,0,1,Metropolitan Police
"201001HT20593",-0.059245,51.51909,"23/08/2010","11:20",6,30,13,4,0,1,2,2,0,1,Metropolitan Police
"201501CW10458",-0.186897,51.513813,"08/01/2015","19:59",2,30,16,2,15,4,1,1,0,1,Metropolitan Police
"2008920802734",-2.112685,57.150566,"04/06/2008","20:00",6,30,16,2,14,1,1,1,0,1,Grampian
"1997610080997",,,"05/02/1997","12:30",6,30,0,-1,0,1,1,1,0,2,Gwent
"199897QB00205",,,"02/05/1998","23:05",3,30,0,-1,14,4,1,1,0,1,Strathclyde
"199891H002776",,,"23/05/1998","15:40",6,60,0,-1,0,1,1,1,13,2,Northern
"200697GA70912",-4.325459,55.851013,"18/12/2006","17:00",3,60,0,-1,0,4,1,2,0,1,Strathclyde
"2007600AN2008",-4.545068,53.28032,"22/04/2007","13:20",3,70,0,-1,0,1,9,2,0,2,North Wales
"201560S183240",-3.046243,53.06191,"30/11/2015","18:17",6,40,19,4,0,4,5,2,21,2,North Wales
"199604M009996",,,"18/03/1996","08:10",6,30,13,4,0,1,1,1,0,1,Lancashire
"200604BB06046",-2.83557,54.071102,"20/03/2006","16:26",6,30,13,4,0,1,1,1,0,1,Lancashire
"2013984141213",-3.228988,54.99508,"22/12/2013","11:09",6,60,13,4,0,1,1,2,0,2,Dumfries and Galloway
"199791L006018",,,"21/11/1997","19:45",6,60,0,-1,0,6,5,2,0,2,Northern
"200897QB03502",-4.053082,55.781807,"12/02/2008","17:00",6,30,13,2,14,1,1,1,0,1,Strathclyde
"199696GK02298",,,"22/06/1996","10:50",6,60,13,4,0,1,1,1,0,2,Central
"200363BC06403",-4.129393,52.321365,"11/04/2003","06:45",6,60,0,-1,0,1,1,1,0,2,Dyfed-Powys
"199701XD00405",,,"05/06/1997","14:15",6,30,16,4,0,1,1,1,0,1,Metropolitan Police
"2024010489239",-0.05885,51.68255,"15/01/2024","06:25",3,60,0,-1,0,4,1,1,0,2,Metropolitan Police
