"collision_index","vehicle_reference","vehicle_type","vehicle_manoeuvre","junction_location","skidding_and_overturning","hit_object_in_carriageway","first_point_of_impact","sex_of_driver","age_of_driver","engine_capacity_cc","propulsion_code","age_of_vehicle"
"2014214000919",2,9,19,8,0,0,1,2,34,998,1,2
"2014554C16552",2,9,9,8,0,0,3,1,46,998,1,3
"201442I094703",4,9,3,5,0,0,2,1,58,998,1,5
"201443W158124",1,9,19,0,0,0,1,2,-1,998,1,7
"201406L082426",2,9,19,8,0,0,4,2,20,998,1,1
"201443N081064",1,9,9,8,0,0,1,1,20,998,1,6
"2014440120803",2,9,2,0,0,0,2,2,24,998,1,7
"2014471406235",1,9,19,0,1,0,1,1,31,998,1,4
"2014950003659",2,9,2,0,0,4,2,2,26,998,1,6
"2014950000500",1,9,19,8,5,0,4,2,19,998,1,7
"201497QA01110",1,9,19,0,0,0,1,2,44,998,1,3
"2014214004178",1,9,19,0,0,0,1,2,29,998,1,4
"2014460244031",2,9,9,8,0,0,1,2,39,998,1,1
"2014100624714",1,9,9,6,0,0,3,2,48,998,1,2
"2014621401416",1,9,19,0,1,0,1,1,53,998,1,2
"2014544824814",2,9,7,6,0,0,3,2,74,998,1,9
"2014074382850",2,9,10,1,0,0,2,2,48,998,1,6
"201420H010264",2,9,19,8,0,0,1,2,56,998,1,8
"201497LA03010",2,9,7,3,0,0,2,1,45,998,1,4
"2014404CA0645",2,9,19,8,0,0,1,2,22,998,1,1
"2014521407519",2,9,4,0,0,0,1,2,30,998,1,2
"2014450016247",1,9,1,1,0,0,2,1,85,998,1,5
"201406G083404",1,9,9,6,0,0,3,1,19,998,1,5
"201406P092853",1,9,2,0,0,0,3,2,51,998,1,3
"2014521408759",1,9,19,8,0,0,4,1,44,998,1,6
"201404FL14012",5,9,2,0,0,0,4,3,-1,998,1,5
"2014450019435",1,9,9,1,0,0,1,2,80,998,1,8
"201497BE00305",1,9,19,0,0,0,4,2,22,998,1,3
"2014350219414",1,9,19,6,0,0,1,2,18,998,1,8
"201420M015404",1,9,19,2,0,0,1,2,27,998,1,8
"201405AA02599",2,9,5,4,0,0,2,2,51,998,1,1
"2014460246035",1,9,7,6,0,0,1,1,40,998,1,3
"2014131CA1368",1,9,19,1,0,0,1,2,20,998,1,7
"201404DL14056",2,9,19,1,0,0,1,1,42,998,1,7
"2014131CQ0518",2,9,9,1,0,0,1,2,33,998,1,5
"201401RG40644",2,9,19,8,0,0,1,1,-1,998,1,1
"2014554D45239",1,9,4,4,0,0,1,2,58,998,1,6
"201404ED14091",1,9,19,8,0,0,1,1,82,998,1,0
"2014360078170",2,9,19,8,0,0,1,1,55,998,1,1
"201401YE80834",1,9,19,2,0,0,1,2,54,998,1,4
"2014404DA0954",1,9,19,8,0,0,1,1,42,998,1,5
"201404FB14021",2,9,9,1,0,0,2,1,44,998,1,2
"2014214001082",2,9,19,0,0,0,3,2,20,998,1,5
"2014530208483",2,9,19,0,0,0,3,1,81,998,1,6
"2014521403608",1,9,9,6,0,0,1,2,38,998,1,5
"201423S031473",1,9,9,6,0,0,1,2,19,998,1,8
"201443W168114",2,9,7,4,0,0,2,2,65,998,1,4
"201401RG40129",1,9,9,8,0,0,0,1,30,1299,1,15
"2014440335702",2,3,19,8,0,0,4,1,27,-1,-1,-1
"2014170S30844",2,3,19,8,0,0,1,1,17,125,1,2
"201420K004624",2,3,19,1,1,0,4,1,26,125,1,1
"201420N060424",2,3,19,8,0,0,1,1,26,125,1,2
"2014170S31074",2,3,19,8,0,0,4,1,40,125,1,0
"201404CL14161",2,3,13,1,1,0,1,1,43,125,1,3
"201420G005854",1,3,19,8,0,0,4,1,23,125,1,2
"201411ND04484",2,3,9,8,0,0,4,2,16,-1,-1,-1
"2014074192277",2,5,19,0,0,0,1,1,38,996,1,9
"2014160C01931",2,19,19,0,0,0,2,1,51,1995,2,3
"201401KG70222",1,19,4,1,0,0,2,1,45,1995,2,5
"2014120064468",3,19,3,8,0,0,0,1,55,1995,2,6
"2014300007194",2,19,5,1,0,0,0,2,52,2464,2,6
"201401ZT80013",1,19,19,2,0,0,1,1,40,1995,2,3
"201406A086006",1,19,19,8,1,0,1,1,26,1995,2,0
"2014471404027",2,19,19,3,0,0,4,1,34,1995,2,1
"2014160D03981",1,19,19,8,0,0,1,1,37,1995,2,4
"201401YR90759",1,19,5,8,0,0,4,1,25,1995,2,1
"201401CW11301",1,19,4,0,0,0,1,1,54,1995,2,6
"2014460250701",2,19,2,0,0,0,3,1,56,1995,2,1
"201442I422512",3,19,2,0,0,0,1,1,52,2463,2,8
"201401GD10928",2,19,19,1,0,0,1,1,55,1870,2,10
"201420S034464",1,19,19,8,0,0,1,1,32,1995,2,5
"201463DP14914",3,19,3,1,0,0,2,1,37,1995,2,6
"2014471404879",1,19,4,8,1,0,1,1,44,1870,2,10
"201401RG40438",1,19,3,0,0,0,2,1,69,1995,2,3
"2014074192744",1,19,12,0,0,0,3,1,54,1995,2,2
"2014214004840",1,19,1,0,0,0,2,2,40,1995,2,0
"2014120083364",1,19,15,0,0,0,0,1,36,1870,2,9
"2014120195966",2,19,3,0,0,0,2,1,50,1598,2,0
"2014100517714",1,19,19,1,0,0,1,1,39,1995,2,4
"2014941400456",2,19,4,0,0,0,2,1,48,1870,2,9
"2014350198014",2,19,3,0,0,0,2,1,44,1995,2,3
"2014360084060",3,19,3,1,0,0,2,1,43,1995,2,0
"201443S056114",4,19,3,0,0,0,2,1,34,1995,2,3
"201442I395211",1,19,4,1,0,0,2,1,30,1995,2,3
"2014120188825",2,19,2,0,0,0,3,1,30,1995,2,7
"201401SX20662",1,19,3,0,0,0,2,1,63,1870,2,10
"201443P112104",1,19,9,5,0,0,4,1,28,1995,2,1
"201422C401243",1,19,19,0,0,0,0,1,64,1870,2,7
"201401YR90630",1,19,7,1,0,0,4,1,30,1995,2,1
"2014170L20574",2,19,9,8,0,0,3,1,49,1995,2,1
"201414A048614",1,19,19,0,0,0,1,1,57,1870,2,10
"2014621400128",1,19,9,5,0,0,3,1,51,1995,2,6
"201422D401900",2,19,19,0,0,0,1,1,20,1995,2,3
"2014440066267",2,19,9,8,0,0,3,3,-1,1870,2,8
"20144100T1127",5,19,4,0,0,0,2,1,53,1995,2,1
"201420T041654",1,19,9,6,0,0,3,1,27,1995,2,1
"2014621402370",3,19,19,1,0,0,1,2,24,1995,2,3
"201406A083651",2,19,19,8,0,0,1,1,50,1870,2,8
"201443S063074",3,9,19,1,0,0,1,2,71,1995,2,8
"2014074176933",2,20,19,5,0,0,2,1,23,-1,-1,-1
"201431C242614",1,19,19,8,1,0,1,1,30,2464,2,5
"2014360082795",2,19,4,0,0,0,2,1,62,1870,2,12
"2014460243010",1,19,19,1,0,0,1,1,30,1995,2,6
"2014621402102",2,20,9,5,0,0,3,1,28,-1,-1,-1
"201404TA14125",3,19,19,0,0,0,2,1,47,1995,2,1
"20141313O0787",1,19,19,0,0,0,1,1,55,1870,2,9
"2014320057981",1,19,19,1,0,0,1,1,-1,1995,2,3
"2014460242336",2,19,4,0,0,0,2,1,31,1870,2,9
"201442I380611",1,19,1,2,0,0,2,1,23,1995,2,0
"201491NL05127",1,10,19,0,5,0,3,1,25,1995,2,4
"2014950001674",2,19,3,1,0,0,0,2,53,1995,2,4
"201404AL14038",1,19,13,0,0,0,4,1,38,1995,2,7
"2014521402243",2,19,19,0,0,0,1,1,48,1870,2,8
"2014300005297",1,19,19,0,0,0,1,1,43,1995,2,3
"201401GD10988",1,19,9,8,0,0,3,1,33,1995,2,3
"201450JS2R002",3,19,3,0,0,0,2,1,51,1995,2,1
"2014404CA1055",1,19,4,0,0,0,2,1,60,1995,2,4
"2014540439614",2,19,19,8,0,0,1,1,36,1870,2,8
"201432N095614",1,19,19,1,1,0,4,1,24,1995,2,2
"2014350066314",1,19,19,0,0,0,1,1,31,1870,2,10
"201401MM70825",1,19,1,0,0,0,2,1,53,1870,2,9
"2015542933515",1,9,19,0,0,11,4,1,26,1296,1,15
"201501RY10180",1,9,4,8,0,0,2,1,50,989,1,11
"2015405DA0593",1,3,4,4,1,0,3,1,18,125,1,0
"201520M013905",1,3,19,3,0,0,1,1,21,125,1,0
"2015230039137",2,3,4,1,0,0,2,1,23,125,1,0
"20154100G0487",1,2,14,8,0,0,1,1,17,125,1,0
"2015160A02971",1,5,19,8,0,0,1,1,48,498,1,21
"2015450026503",2,3,19,1,0,0,1,1,22,125,1,6
"2015300015880",1,5,19,4,0,0,4,1,49,-1,-1,-1
"201506P002357",2,5,19,8,1,0,1,1,29,1783,1,8
"2015950002603",1,19,19,1,0,0,1,1,20,1968,2,0
"201543W212085",2,19,19,0,0,0,1,1,43,1968,2,2
"2015120132455",1,9,4,1,0,0,1,1,63,1968,2,4
"201501BS70312",2,9,9,8,0,0,1,2,33,1390,1,6
"2015320010707",3,9,19,8,0,0,1,2,61,1968,2,8
"201522C503880",1,9,19,0,1,0,1,2,43,1984,1,4
"2015051501656",2,9,9,8,0,0,4,1,54,1968,2,5
"2015331502008",3,9,3,1,0,0,2,1,26,1968,2,8
"2015440342484",2,3,19,8,1,0,1,1,20,124,1,9
"2015405DA0109",1,3,4,0,1,0,3,1,22,124,1,3
"201501HT21188",1,4,19,8,0,0,4,1,32,124,1,5
"201501CW10989",2,3,19,8,0,0,4,1,41,124,1,7
"2015350187115",2,4,9,1,0,0,2,1,27,124,1,9
"201501TW60168",2,3,15,0,1,4,2,1,18,124,1,7
"201501CW10609",2,3,13,0,0,0,4,1,30,124,1,7
"201501XD80321",2,3,14,8,0,0,1,1,20,124,1,8
"2016140068555",1,9,19,1,0,0,1,1,60,2967,2,5
"2016360055079",2,9,12,0,0,0,3,1,56,2967,2,1
"201697GK03112",1,9,19,0,0,0,1,1,40,2967,2,1
"2016010030078",1,9,15,1,0,0,3,1,35,2967,2,1
"201601RG40198",1,9,19,8,0,0,3,1,40,1796,1,5
"201601PL60484",1,9,19,0,0,0,1,2,40,1998,2,4
"20161337Q1662",2,9,19,8,0,0,1,1,50,1998,2,4
"2016320405358",2,9,19,2,0,0,2,2,43,1796,1,5
"2016450064991",3,9,19,1,1,0,3,1,27,-1,-1,-1
"2016544361116",1,3,19,0,0,0,3,1,60,125,1,7
"201697QC02401",1,3,19,0,1,0,1,1,21,125,1,8
"201697UC41005",1,9,19,6,0,0,3,2,44,1341,1,11
"2016471605838",1,9,5,2,0,0,1,2,20,1086,1,11
"2016051602610",1,9,19,3,0,0,1,2,65,1086,1,10
"2016941600783",1,9,4,2,0,0,1,1,77,1086,1,10
"2016230044000",2,9,19,8,1,0,3,2,62,1086,1,10
"2016471602231",1,9,19,8,0,0,4,1,80,1341,1,13
"2016471601193",1,9,5,4,0,0,0,1,76,1341,1,11
"2016120039601",1,9,9,8,0,0,1,2,18,1399,1,9
"2016100140594",2,9,9,5,0,0,3,1,44,1086,1,9
"2016610065016",2,9,4,0,0,0,2,2,58,1341,1,11
"2016420120227",1,9,9,8,0,0,1,1,17,1086,1,11
"2016450044669",1,9,19,0,0,0,2,2,17,1493,2,10
"2016200136268",1,9,19,6,0,0,4,1,18,1086,1,14
"2016460071952",1,9,19,0,0,0,4,1,31,1086,1,12
"2016200123099",1,9,19,0,0,4,0,1,46,1086,1,8
"201697QA03107",1,9,19,0,0,0,1,1,42,1493,2,10
"2016621600813",1,9,19,0,0,0,1,1,17,1341,1,12
"2016471600186",1,9,19,4,1,0,1,1,39,1341,1,14
"2016471604270",3,9,19,0,0,0,1,2,20,1086,1,8
"2016450075817",1,9,9,5,0,0,3,1,83,1341,1,12
"2016301600887",1,9,19,8,0,0,1,1,62,1086,1,8
"2016450055116",1,9,19,6,0,0,1,2,88,1399,1,9
"2016440235242",1,9,19,0,0,0,1,2,26,1086,1,12
"2016440247833",1,9,19,8,0,0,1,2,30,1399,1,8
"201601TW60067",1,9,9,8,0,0,1,2,84,1399,1,9
"2016331600156",1,9,19,2,5,0,1,1,24,1341,1,11
"201601GD10054",1,9,9,8,0,0,3,2,24,1399,1,9
"2016133CE1692",2,9,19,0,0,0,1,1,36,1086,1,8
"2016440158492",1,9,9,6,0,0,4,1,69,1086,1,11
"2016471600342",1,9,19,0,1,0,1,2,35,1086,1,13
"2016440335714",1,9,3,0,0,0,4,1,20,1086,1,13
"2016133CG0196",2,9,19,1,0,0,1,2,31,1086,1,13
"2016551602667",3,9,19,0,0,0,1,2,80,1399,1,9
"201654B318416",3,19,19,0,0,0,3,1,49,2499,2,1
"2016961600774",1,19,19,0,0,0,3,1,27,2499,2,1
"2016410104322",1,9,19,1,0,0,4,1,38,2987,2,0
"2016010025617",2,9,19,8,0,0,1,1,51,2979,1,2
"2016460110489",2,9,2,0,0,0,2,3,37,2979,1,2
"2016546179416",3,9,4,0,0,0,1,1,50,1590,1,5
"20161336J0981",1,9,9,6,0,0,1,2,35,1590,1,5
"2016440324869",3,9,4,0,0,0,2,1,41,2268,2,3
"201601PL60316",2,9,2,8,0,0,2,1,29,1798,2,0
"201697AE02701",1,9,5,0,0,0,1,2,49,1590,1,2
"2016548279016",2,9,5,4,0,0,3,1,40,1590,1,3
"2016941600823",1,9,19,0,0,0,1,2,47,1590,1,2
"2016160142713",1,9,19,0,0,0,4,1,82,1998,2,4
"20161337C0389",2,9,1,0,0,0,3,2,35,1998,2,1
"2016460045777",1,5,19,8,0,0,1,1,21,1255,1,2
"201631D183516",2,5,19,8,0,0,1,1,34,865,1,1
"2016440376465",1,5,19,0,0,0,1,1,29,865,1,1
"201601MM70464",2,5,14,8,0,0,4,1,43,1200,1,0
"2016010008724",2,4,19,8,0,0,1,1,29,124,1,2
"2016010013331",1,3,19,0,0,0,0,1,41,124,1,1
"2016430390116",1,3,19,0,0,0,1,1,19,124,1,1
"2016200106493",2,3,19,0,1,0,1,2,26,124,1,2
"2016430272473",2,3,19,0,0,0,3,2,24,124,1,1
"2016410080029",2,3,19,8,0,0,4,1,27,124,1,0
"20161332O0256",2,3,19,8,5,0,4,1,21,124,1,1
"2016440347298",2,3,19,1,0,0,1,1,20,124,1,0
"2016331601743",2,3,14,8,0,0,1,1,47,124,1,2
"2016471604941",2,4,19,8,0,0,4,1,19,124,1,1
"2016941601019",2,3,19,2,0,0,2,1,24,124,1,1
"2016010001454",1,3,19,2,0,0,1,1,19,124,1,1
"2016471602266",1,3,19,2,0,0,1,1,17,124,1,1
"2016551601235",1,3,19,1,0,0,4,1,39,124,1,1
"201601EO40495",2,3,15,8,0,0,1,1,25,124,1,1
"2016420110472",1,3,13,0,2,0,4,1,18,124,1,0
"2016440337387",1,3,7,8,1,0,3,1,18,124,1,1
"2016521608427",2,4,14,8,0,0,1,1,17,124,1,2
"2017134AV1442",1,2,19,0,0,0,1,1,17,49,1,10
"2017450208589",2,9,2,0,0,4,1,1,39,2495,2,27
"2017420150196",1,9,9,8,0,0,3,1,30,2495,2,31
"2017301701629",2,4,19,1,0,0,1,1,65,124,1,15
"2017450145302",3,9,19,0,0,0,3,1,46,2893,1,7
"2017921700439",1,9,4,2,0,0,1,2,29,3387,1,11
"2017010010257",2,3,19,8,0,0,4,1,19,124,1,1
"201797UA71201",1,3,19,0,1,0,0,1,26,124,1,2
"2017460235443",2,3,7,3,0,0,1,1,22,124,1,2
"2017010069404",2,3,4,1,0,0,1,2,21,124,1,4
"2017051702343",2,3,19,8,0,0,1,1,52,124,1,2
"2017471707021",1,3,5,4,1,0,4,2,27,124,1,0
"2017520800431",1,3,14,1,0,0,1,1,19,124,1,1
"2017471705274",1,3,19,1,1,0,0,1,27,124,1,2
"201731C040217",2,9,3,1,0,0,2,1,80,1997,2,12
"2017100226926",2,9,19,2,0,0,4,2,56,1995,1,10
"2017430183530",1,9,19,1,0,0,1,1,46,1995,1,16
"2017010061846",1,9,9,5,0,0,1,2,31,1586,1,1
"2017471703922",1,9,3,6,0,0,1,2,49,1586,1,11
"2017440342322",2,9,19,2,0,0,1,3,-1,1590,1,18
"2017350194368",1,9,13,0,5,0,1,1,37,1586,1,1
"2017120079737",1,9,19,0,0,0,1,2,36,1373,1,0
"2017140180604",2,9,14,0,5,0,4,1,18,1586,1,0
"2017450247473",3,9,19,0,0,0,3,2,39,1870,2,6
"2017430027430",1,9,19,8,0,0,3,2,40,1995,1,9
"201731C238817",2,9,19,0,0,0,2,2,59,1598,2,1
"2017100196258",2,9,19,1,0,0,1,2,40,1586,1,0
"201763D035417",1,9,4,1,0,0,2,1,27,1590,1,12
"2017420235117",1,9,4,2,0,0,1,1,19,1590,1,13
"2017230156104",2,9,4,0,0,0,2,1,64,1997,2,15
"2017140176685",2,9,19,1,1,0,1,1,28,1997,2,13
"2017010059290",1,9,4,0,0,0,2,2,69,1995,1,11
"2017546572217",1,9,19,0,0,0,4,1,84,1997,2,16
"2017460174558",1,9,3,1,0,0,1,1,29,1586,1,0
"2017220205640",2,9,3,1,0,0,2,2,49,1586,1,2
"2017450195655",1,9,19,0,0,0,1,1,69,1598,2,2
"20171343L1139",1,4,19,0,0,0,3,1,67,499,1,-1
"2017520704183",2,4,19,1,0,0,1,1,33,124,1,11
"2017134711420",2,4,19,1,0,0,2,1,26,124,1,14
"2017500230535",2,3,19,1,1,0,3,1,21,124,1,14
"201797KA02010",2,4,19,2,0,0,1,1,18,124,1,14
"2017370213904",1,3,19,0,2,0,1,1,22,124,1,12
"2017460146665",2,3,19,0,1,7,0,2,28,124,1,17
"2017301700912",2,4,19,8,1,0,1,1,39,321,1,2
"2017134780834",1,4,19,0,0,0,0,1,23,321,1,0
"2018010100497",1,9,19,1,0,0,1,1,32,4163,1,14
"201806XN50576",1,9,19,3,2,0,3,1,30,2995,1,4
"2018220308744",2,9,13,0,0,0,2,1,24,2995,1,1
"2018200814263",1,9,19,0,0,4,1,1,35,4163,1,12
"2018460259923",1,9,9,6,0,0,3,1,33,2995,1,1
"2018530307378",2,5,19,0,0,0,4,2,55,1171,1,16
"2018410292847",1,9,1,0,2,0,1,1,17,1995,2,13
"2018030804369",3,9,19,0,0,0,0,1,57,1995,2,9
"201806M148770",2,9,19,3,0,0,3,1,34,2993,2,5
"2018521902330",2,9,19,0,0,0,1,1,62,1995,2,4
"2018360339095",3,9,19,0,0,0,2,2,41,2494,1,14
"2018200321717",2,9,19,0,0,0,2,1,40,1995,2,13
"2018010144907",1,9,5,0,0,0,1,1,24,1995,2,10
"2018921800557",1,9,19,1,0,0,1,1,65,1998,1,0
"201804WA18130",1,9,3,1,0,0,1,2,32,2000,2,8
"2018010085897",1,9,19,1,0,0,1,1,53,1995,2,11
"2018450317479",1,9,19,0,0,0,1,2,46,2993,2,2
"2018410311164",1,9,19,0,0,0,1,2,-1,1995,2,3
"201831A070618",1,9,19,2,0,0,2,2,37,2993,2,1
"2018400341443",2,9,19,0,5,0,1,2,57,1995,2,13
"2018220264792",2,9,4,1,0,0,2,1,42,2993,2,13
"2018950000030",1,9,19,0,0,0,1,1,35,1995,2,7
"2018331801231",3,9,19,0,0,0,2,1,65,1995,2,5
"2018010128791",2,9,99,0,5,99,4,1,49,1995,2,10
"2018521902932",1,9,9,6,0,0,3,2,50,2993,2,10
"2018010148443",2,9,99,9,9,99,1,3,-1,1995,2,0
"201806F251658",2,9,19,8,0,0,2,2,46,1995,2,11
"2018450801001",2,9,19,1,0,0,1,2,47,1995,2,4
"2018471805605",2,9,9,5,0,0,0,2,33,1995,2,2
"2018010091295",2,3,19,1,0,0,1,1,30,102,1,11
"2018030316995",2,2,19,0,0,0,1,1,-1,50,1,0
"2018331802024",2,2,19,8,0,0,3,1,16,50,1,0
"2018551900004",1,9,19,0,0,0,1,1,74,4293,1,17
"2018070318235",2,17,7,5,0,0,2,1,42,-1,2,4
"201897UD70406",1,17,7,8,0,0,4,1,69,6596,2,1
"2018921800360",2,17,9,5,0,0,0,1,40,-1,2,5
"2018320142632",1,9,19,4,0,0,1,1,68,2987,2,2
"2018301800441",1,9,19,0,0,0,1,1,59,2987,2,0
"2018440221096",4,9,19,0,0,0,1,1,40,2143,2,2
"2018430152720",2,3,4,0,0,0,2,1,29,125,1,7
"2018010111275",1,9,3,1,0,0,2,1,67,1498,1,0
"2018471803964",1,9,9,6,0,0,1,1,29,-1,-1,-1
"2018340S02761",2,19,19,8,0,0,1,1,19,1686,2,14
"2018420325421",2,9,3,0,0,0,2,1,50,-1,-1,-1
"2018010132674",1,9,99,9,9,99,9,1,30,1968,2,9
"201831C003318",1,9,9,5,0,0,1,2,49,1968,2,11
"2018430174606",2,9,3,0,0,0,2,1,50,1968,2,8
"2018460305270",2,9,19,8,0,0,3,1,48,1968,2,11
"2018030302982",1,5,19,0,1,0,3,1,60,849,1,17
"2018010151622",2,2,19,0,0,0,3,1,24,124,1,10
"2018010124140",1,4,9,2,0,0,3,1,33,124,1,4
"2018440058899",2,3,19,0,1,0,3,1,25,124,1,11
"2018010123197",1,3,19,2,0,0,1,1,42,124,1,4
"2018010117434",1,3,5,1,0,0,1,1,39,124,1,4
"201831C198118",2,3,19,1,0,0,1,1,37,124,1,7
"2018010126354",2,3,19,1,0,0,1,1,18,124,1,9
"2018010088994",2,3,9,1,0,0,4,1,29,124,1,2
"2018010152644",1,3,19,1,0,0,9,1,18,124,1,5
"2018010121918",1,4,19,1,0,0,1,3,-1,124,1,6
"2018450314506",1,3,19,0,0,0,1,1,18,124,1,7
"2018010113707",1,4,19,0,0,0,1,1,22,124,1,2
"2019010169669",1,9,19,0,0,0,1,1,29,1368,1,6
"2019160882127",4,9,19,0,0,0,2,2,54,1368,1,3
"2019010202593",2,9,99,0,9,99,9,3,-1,1368,1,5
"2019010168938",1,9,19,9,9,0,1,2,35,1368,1,8
"201906F152990",2,9,19,2,0,0,4,1,20,1368,1,10
"2019030835209",1,9,10,1,0,0,3,1,23,1368,1,3
"2019110855969",1,9,19,0,0,0,1,1,19,1368,1,10
"2019400824315",1,9,7,1,0,0,1,1,25,1368,1,6
"2019230914058",1,9,1,0,0,0,2,2,40,875,1,4
"2019200824299",2,9,19,0,0,0,1,1,24,1368,1,7
"2019430309954",1,9,9,6,0,0,1,1,59,2993,2,1
"2019040850616",2,9,19,2,0,0,3,2,34,1995,2,4
"2019010202401",2,9,9,8,0,0,1,3,-1,1995,2,2
"2019350850710",1,9,7,5,0,0,1,3,-1,1995,2,2
"2019010193876",2,9,5,0,0,0,1,1,51,1995,2,5
"2019621900293",4,9,3,0,0,0,2,1,65,1998,1,3
"20191364S1645",1,9,19,0,0,0,3,1,42,2979,1,4
"2019200854249",1,9,2,0,0,0,2,1,23,1997,1,5
"2019010189501",2,9,99,1,9,99,2,3,-1,1995,2,4
"2019010197791",1,9,4,1,0,0,0,1,31,1997,1,4
"2019010215685",2,9,19,8,0,0,1,3,-1,1997,1,5
"2019010172612",1,9,99,8,9,99,2,2,31,1998,1,3
"2019230911695",2,9,19,0,0,0,2,2,45,1995,2,4
"2019010205048",1,9,19,9,9,99,9,1,28,1995,2,3
"2019210861052",2,9,19,1,0,0,1,1,28,1995,2,4
"2019010190276",1,9,19,0,0,0,1,1,25,1997,1,5
"2019010190754",1,9,19,0,0,0,4,2,30,1998,1,1
"2019460899321",2,9,19,1,0,0,1,2,-1,2993,2,2
"2019160874490",1,9,9,3,0,0,1,1,28,1995,2,3
"2019010213638",1,9,19,1,0,0,4,1,24,1995,2,5
"2019010217445",2,9,99,9,9,99,1,3,-1,1995,2,0
"2019470845664",1,9,3,4,0,0,2,1,39,1998,1,0
"2019230837898",1,9,13,0,0,0,3,1,56,2993,2,0
"2019460885418",1,9,19,4,0,10,1,1,72,2998,1,1
"2019010170730",1,9,19,2,0,0,1,1,24,1995,2,4
"201906K253138",1,9,5,0,0,0,3,2,50,2993,2,0
"201931D156219",1,9,19,0,0,4,1,3,-1,1995,2,6
"2019010185349",1,9,99,9,9,99,9,2,38,1995,2,1
"2019331901088",2,9,19,8,0,0,1,1,42,1995,2,2
"2019430025083",1,9,19,4,0,0,1,1,-1,1995,2,3
"2019010198373",2,9,99,9,9,99,9,3,-1,2993,2,4
"201931C194119",1,9,19,6,0,0,1,1,19,1995,2,2
"2019980873590",2,9,8,1,0,0,0,2,26,1995,2,2
"2019544238819",2,9,19,1,0,0,4,1,47,2993,2,3
"2019940880434",2,9,19,0,0,0,1,1,27,1995,2,5
"2019430036022",2,9,3,0,0,0,2,1,48,1995,2,2
"2019010206394",2,9,99,9,9,99,9,3,-1,1995,2,5
"2019450867103",1,9,19,0,0,0,4,1,20,1997,1,6
"2019010220791",2,9,99,9,9,99,1,3,-1,1998,1,1
"2019340W03401",2,5,19,8,0,0,1,1,40,1690,1,4
"2019301901167",1,5,19,0,0,0,1,1,64,1449,1,13
"2019010224856",1,3,19,8,0,0,3,1,25,125,1,5
"2019010211327",1,3,99,0,9,99,9,1,44,125,1,4
"2019010199868",2,3,19,0,0,0,1,1,50,125,1,5
"2019552000039",1,3,4,4,0,0,2,2,78,125,1,4
"2019010177533",2,4,19,0,0,0,1,1,19,125,1,5
"2019010191096",2,3,19,8,0,0,1,1,29,125,1,2
"2019470862489",1,3,19,0,0,0,4,1,35,125,1,2
"2019010178781",1,3,19,0,9,0,9,1,31,125,1,1
"2019010216328",1,3,10,2,0,0,3,1,35,125,1,1
"2019010222997",1,3,99,0,9,99,9,1,22,125,1,1
"2019010212178",1,4,19,1,0,0,1,1,35,125,1,1
"2019010214124",1,3,99,9,9,99,9,1,19,125,1,1
"2019010185080",1,2,19,0,0,0,1,1,-1,125,1,0
"2019010174042",1,3,99,0,9,99,9,1,20,125,1,1
"2019450879624",1,3,3,1,0,0,3,1,42,125,1,2
"2019010197127",1,3,19,1,0,0,1,1,21,125,1,0
"2019010217683",1,3,99,9,9,99,9,1,29,125,1,1
"2019010175150",2,2,5,1,1,0,1,1,24,125,1,1
"2019010226330",2,3,14,0,0,0,4,1,46,125,1,1
"2019010200263",1,2,5,1,0,0,2,1,34,125,1,2
"2019010178701",2,4,5,1,0,0,2,1,44,125,1,2
"2019051911200",2,5,19,8,1,0,4,1,60,954,1,17
"2019010205922",1,3,9,8,5,0,4,1,35,125,1,1
"2019010182542",1,9,19,2,0,0,1,2,73,1489,1,21
"2019340W80041",2,9,19,8,0,0,1,1,81,1598,1,17
"2019500836034",1,9,19,0,1,0,1,2,25,1498,1,20
"2019430121946",1,2,19,0,0,10,1,2,16,50,1,4
"2019551901211",1,9,14,0,0,0,1,2,80,1360,1,13
"2019010189534",1,9,99,9,9,99,2,2,26,1360,1,9
"2019010217245",2,9,19,1,0,0,1,1,26,1360,1,11
"2019010177627",2,9,6,1,0,0,3,2,34,1360,1,10
"20191367K0938",1,9,19,0,0,0,1,2,79,1560,2,11
"201906E465689",1,9,19,0,0,0,1,1,20,1360,1,13
"2019360919214",2,9,3,0,0,0,2,1,23,1360,1,12
"201906A157824",1,9,19,2,0,0,1,2,40,1360,1,13
"2019370846446",2,9,19,0,0,0,1,2,21,1560,2,10
"2019420908169",2,9,4,0,0,0,2,1,24,-1,-1,-1
"2019320028536",1,9,9,8,0,0,1,2,54,1598,1,9
"2019980883697",1,9,19,0,5,0,1,2,73,1397,1,9
"2019010223906",1,9,99,9,9,99,9,2,55,1360,1,12
"2019410823241",1,9,4,0,0,0,0,2,36,1598,1,11
"2019040875359",2,9,19,3,0,0,1,1,24,1360,1,12
"2019520906623",4,9,19,0,0,0,1,3,30,1398,2,10
"2019500871463",1,9,4,1,0,0,1,2,47,1398,2,8
"2019200921199",1,9,9,1,0,0,1,2,-1,1360,1,12
"2019500920551",2,9,4,0,0,0,1,1,25,1360,1,13
"2019010170781",2,9,5,0,0,0,1,1,37,1560,2,12
"2019100871851",1,9,19,0,0,0,1,1,25,1560,2,12
"2019010211534",1,9,99,1,9,99,2,2,32,1360,1,11
"2019160854751",2,9,19,1,0,0,0,1,34,1360,1,12
"2019430071442",2,9,19,8,1,0,1,2,51,1598,1,6
"2019010189816",3,9,2,0,0,0,1,3,-1,1360,1,7
"2019200909295",1,9,19,0,0,0,1,1,22,1397,1,11
"2019460872239",2,9,3,0,0,0,2,1,50,1560,2,12
"20191369N0050",1,9,19,0,0,0,1,1,31,1560,2,12
"2019460872782",1,9,5,1,0,0,1,1,19,1360,1,11
"2019220841577",1,9,4,8,0,0,1,2,40,1360,1,12
"2019470896094",3,9,4,0,0,0,1,2,28,1360,1,10
"2019110866170",1,9,19,0,5,7,1,2,52,1360,1,13
"2019010225201",1,9,99,4,9,99,2,2,39,1398,2,8
"2019521906728",2,9,19,8,0,0,2,2,33,1560,2,12
"2019621901472",1,9,13,0,0,0,1,1,67,1560,2,9
"201931C077819",3,9,19,1,0,0,1,1,58,1560,2,7
"2019100845695",1,9,19,8,2,0,1,1,28,1398,2,10
"2019331901275",2,9,19,0,0,0,1,1,68,-1,-1,-1
"2019160836279",1,9,19,0,0,0,1,1,44,1397,1,12
"201906K158785",1,9,19,0,0,0,0,1,25,1360,1,12
"2019541875619",1,9,3,1,0,0,1,2,33,1360,1,9
"2019460817791",2,9,19,8,0,0,3,2,46,1360,1,9
"2019040885153",1,9,19,0,0,0,1,2,43,1560,2,12
"2019051913065",1,9,19,8,0,0,4,1,24,1598,1,10
"2019420897235",2,9,19,8,0,0,4,2,44,1360,1,10
"2019220886089",2,9,19,8,0,10,4,2,57,1598,1,5
"2019470866071",1,9,19,2,1,0,1,1,55,1560,2,11
"2019470879126",2,9,4,0,0,0,2,2,24,1360,1,12
"2019430319692",2,9,19,0,0,0,1,1,28,1360,1,10
"2019500916625",1,9,4,0,2,0,1,1,25,-1,-1,-1
"2019470861522",1,9,19,0,0,11,1,1,19,1360,1,13
"2019136830654",2,9,2,0,0,0,2,2,65,1398,2,8
"2019121901578",1,9,13,0,0,0,1,2,36,1398,2,10
"2019430207775",2,9,19,0,0,0,1,1,24,1560,2,13
"2019100354926",2,9,-1,-1,-1,-1,-1,1,44,1398,2,11
"2019460897641",1,9,11,0,0,0,1,2,20,1560,2,11
"2019340N07531",2,9,19,8,0,0,4,1,39,1360,1,12
"2019121900957",1,9,5,1,0,0,3,2,52,1398,2,11
"2019010211367",1,9,99,9,9,99,2,1,35,1360,1,12
"2019100872192",1,9,19,0,1,0,1,1,19,1360,1,11
"2019010217497",1,9,19,1,0,0,1,1,41,1360,1,10
"2019100871151",2,9,19,0,0,0,1,1,26,1360,1,13
"2019450811770",1,9,19,0,0,0,1,2,37,1598,1,7
"2019370923052",3,9,19,0,0,0,1,1,23,1398,2,7
"2019450811420",2,9,19,1,0,0,1,2,18,1397,1,9
"2019030898134",1,9,10,1,0,0,1,2,22,1598,1,12
"2019340N04441",1,9,9,8,5,0,4,1,74,1360,1,10
"201963D098719",1,9,9,5,0,0,4,1,64,1398,2,10
"2019470880682",1,9,19,0,5,0,0,1,27,1360,1,12
"2019301901356",2,9,14,0,0,0,4,1,19,1398,2,12
"2019200919179",1,9,19,1,0,0,1,1,-1,1360,1,10
"2019500923187",1,9,19,0,5,0,4,1,47,1598,1,10
"2019040819583",2,9,4,1,0,0,0,2,69,1560,2,11
"2019200895886",1,9,9,6,0,0,1,1,55,1360,1,12
"2019051911446",1,9,19,8,0,0,1,2,29,1560,2,7
"2019420840898",2,9,9,4,0,0,4,2,51,1360,1,11
"201963C062919",1,9,19,1,0,0,1,1,25,1360,1,9
"2019530884474",1,9,9,4,0,0,-1,2,34,1360,1,12
"2019470913371",1,9,19,0,0,0,1,2,27,1598,1,11
"2019460895732",2,9,19,1,0,4,3,1,29,1360,1,12
"2019500927500",1,9,19,0,2,0,1,2,20,1360,1,12
"2019460908230",1,9,19,2,0,0,1,2,19,1360,1,9
"2019460873244",1,9,19,1,0,0,0,1,24,1360,1,8
"2019010227639",2,9,9,8,0,0,1,1,25,1360,1,10
"2019010177587",1,9,99,0,9,99,2,2,44,1598,1,8
"2019100884605",1,9,7,0,0,0,1,1,46,1560,2,9
"2019010207773",1,9,99,9,9,99,9,1,85,1398,2,8
"2019100850037",2,9,19,1,0,0,3,2,44,1360,1,12
"2019420879677",1,9,19,0,0,0,1,2,56,1598,1,7
"2019100820031",1,9,4,0,0,0,1,2,30,1360,1,10
"2019331900746",1,9,19,2,0,0,1,2,37,1560,2,10
"2019100849717",2,9,19,8,0,0,1,1,36,1560,2,8
"2019331900673",1,9,19,0,0,0,1,2,-1,1560,2,12
"201963D119619",2,9,19,0,0,0,1,2,39,1560,2,10
"2019010194079",1,9,99,9,9,99,9,3,48,1560,2,12
"2019430336699",2,9,19,1,0,0,1,2,44,1560,2,7
"2019100817715",2,9,19,0,1,0,3,1,66,1560,2,12
"2019950000303",2,9,19,8,0,0,1,2,55,1360,1,12
"2019100816295",4,9,19,0,0,0,2,2,29,1360,1,10
"2019331900854",2,5,19,0,1,0,1,1,66,885,1,25
"2019440110505",3,5,19,0,0,0,1,1,31,650,1,52
"2019521906188",1,5,14,0,0,0,1,1,40,885,1,25
"2019010176032",1,5,13,1,1,0,3,1,50,865,1,3
"2019970871428",1,5,19,4,2,0,3,1,54,1200,1,0
"2019950000609",2,4,19,4,0,0,3,1,51,865,1,4
"2019470899604",2,5,19,1,0,0,2,1,35,1200,1,1
"2020010262875",2,3,19,8,5,0,1,1,38,125,1,17
"2020430133327",1,9,19,8,0,0,1,1,44,1598,1,7
"2020010265108",2,9,99,9,9,99,1,3,-1,1598,1,8
"2020500962327",2,9,19,0,0,0,1,2,52,1598,1,5
"2020302000100",1,9,19,1,1,0,1,2,41,1598,1,5
"2020340N02842",1,9,12,6,0,0,3,2,36,1598,1,8
"2020522000524",2,9,19,8,0,0,4,1,44,-1,3,1
"2020370966009",2,9,19,0,0,0,0,1,58,-1,3,2
"2020210997822",2,9,4,0,0,0,3,1,59,-1,3,1
"2020622000208",3,9,4,0,0,0,2,2,31,2460,2,14
"2020070368644",2,3,19,0,0,0,3,1,74,535,1,19
"2021010321969",1,9,10,5,0,0,1,1,43,3956,2,4
"2021131126239",2,9,7,8,0,0,1,1,36,2204,2,13
"2021221022039",2,9,13,2,0,0,0,2,25,2204,2,16
"2021991062143",1,9,19,0,0,0,1,1,74,1998,1,16
"2021481142658",2,4,19,8,0,0,3,1,38,330,1,0
"2021201139638",2,9,5,4,0,0,1,1,49,-1,3,0
"2021010337659",2,9,99,9,9,99,1,3,55,-1,3,2
"2021451087984",1,9,19,0,0,0,3,2,43,-1,3,2
"2021411047646",2,9,4,0,0,0,1,1,31,-1,3,2
"2021991033533",1,9,19,0,0,0,1,1,34,-1,3,1
"2021531069875",1,5,13,1,2,0,4,1,20,649,1,12
"2021131050142",3,21,19,0,0,0,0,1,59,12419,2,6
"2021522101955",1,21,19,0,0,0,1,1,29,10518,2,8
"2021141080909",1,11,19,0,0,0,1,1,59,6871,2,13
"2021320561054",2,20,19,2,0,0,1,1,45,4580,2,4
"2021522103167",1,19,9,6,0,0,1,1,47,4580,2,5
"2021170M11571",2,21,19,0,0,0,2,1,54,12419,2,1
"2021221124957",1,21,19,0,0,0,3,1,57,12419,2,3
"2021061114760",1,21,11,0,0,0,1,1,61,12419,2,4
"2021141063332",1,11,19,1,0,0,0,1,45,6871,2,13
"2021010293350",1,19,7,1,0,0,4,1,46,-1,-1,-1
"2021010288039",1,21,19,2,0,0,1,1,57,12419,2,4
"2021461105619",5,21,19,0,0,0,1,1,35,6870,2,10
"2021320692869",2,21,19,0,0,0,3,1,54,12419,2,3
"2021440286463",1,19,19,0,0,0,1,1,25,1968,2,0
"2021141068243",1,11,19,1,0,0,0,1,54,6871,2,13
"2021421049467",1,21,5,1,0,0,1,1,62,12419,2,2
"2021010347577",3,20,4,2,0,0,2,1,49,4580,2,7
"2021010319550",2,9,99,9,9,99,1,3,-1,3800,1,6
"2021411022351",2,9,19,0,1,0,1,1,46,3745,1,1
"2021061135130",2,9,9,8,0,0,3,2,30,3800,1,6
"2021421125027",4,9,4,0,0,0,2,1,60,3387,1,20
"2021010315946",2,9,15,1,0,0,3,1,37,3436,1,9
"2021010341197",2,9,19,2,0,10,3,2,29,1149,1,13
"20211382G1077",3,9,19,1,0,0,2,2,58,1598,1,16
"2021131065283",1,9,9,6,0,0,1,1,43,1461,2,11
"2021010298142",2,9,9,2,0,0,4,2,-1,1598,1,13
"2021122101265",2,3,19,1,0,0,1,1,20,124,1,13
"2021302100697",2,5,4,0,1,0,1,1,59,2300,1,16
"2021522102159",2,9,19,8,0,0,1,2,33,1598,1,8
"2021411033618",2,9,4,1,0,0,1,2,42,1956,2,6
"2021311153048",1,9,19,0,2,0,2,2,39,1956,2,5
"2021451110700",1,9,5,4,0,0,1,2,34,1998,1,14
"2021161134391",1,9,19,0,0,0,1,2,43,1598,1,8
"2021141024867",1,9,19,0,0,0,1,3,-1,1910,2,12
"2021070514084",1,9,13,1,0,0,4,1,74,1598,1,14
"2021101027935",2,9,19,0,0,0,1,1,37,1598,1,15
"2021201145974",1,9,1,0,0,0,4,1,34,1796,1,7
"2021010346998",2,9,9,5,0,0,4,1,35,1364,1,4
"2021552101339",2,9,19,8,0,0,1,2,37,1364,1,4
"2021122101290",4,9,3,2,0,0,2,1,37,1598,1,9
"2021010315354",1,9,9,1,0,0,1,1,48,1598,1,13
"2021546559921",1,9,12,4,0,0,3,1,58,1598,1,12
"2021501039952",3,9,10,1,0,0,1,2,54,1598,1,8
"2021010306876",1,8,99,0,9,99,9,1,50,1598,2,5
"2021010299970",2,9,99,0,0,0,2,3,-1,1796,1,8
"2021010320432",1,9,99,9,9,99,1,2,32,1598,1,10
"2021010329293",2,9,99,9,9,99,2,3,49,1956,2,7
"2021161029707",1,9,19,4,0,0,1,3,-1,1686,2,11
"2021622100957",1,9,19,1,0,0,1,2,33,1598,1,10
"2021461090985",1,9,19,1,0,0,1,2,74,1910,2,15
"2021201101367",2,9,4,0,0,0,3,1,25,1364,1,4
"2021430061036",2,9,19,4,0,0,4,1,-1,1910,2,11
"2021411039085",1,9,19,0,0,0,4,1,35,1796,1,16
"2021041090190",2,9,19,1,0,0,4,1,41,1598,1,16
"2021131034645",2,9,19,6,0,0,2,1,43,1686,2,10
"2021131059703",3,9,19,0,0,0,3,2,52,1598,1,8
"2021161108977",1,9,19,1,0,0,1,2,42,1910,2,13
"2021122100454",1,9,19,8,0,0,1,2,34,1956,2,6
"2021522104431",2,9,9,8,0,0,2,2,63,1956,2,9
"2021471124990",1,9,19,1,0,10,4,2,40,1796,1,9
"2021451057089",2,9,19,2,0,0,3,2,42,1598,1,12
"2021010323832",1,9,7,6,0,0,4,1,41,1910,2,12
"2021501026624",1,9,5,0,0,0,3,2,26,1796,1,11
"2021010336169",1,9,99,9,9,99,9,2,48,1598,1,11
"2021010316527",2,9,2,1,0,0,2,3,-1,1796,1,7
"2021411030641",2,9,19,0,0,11,1,1,60,1364,1,5
"2021421125089",2,9,19,8,0,0,1,1,69,1956,2,7
"2021351034663",1,9,9,4,0,0,1,1,44,1598,1,9
"2021161056999",2,9,19,0,2,0,3,1,36,1910,2,14
"2021451048960",1,9,4,0,0,0,2,1,33,1364,1,4
"2021010323321",1,9,99,1,0,0,9,2,43,1598,1,14
"202131D103421",1,9,9,6,0,0,1,1,42,1364,1,4
"2021430411009",1,9,19,0,0,0,1,1,82,1364,1,3
"2021101093628",1,9,19,0,5,0,1,2,31,1598,1,13
"2021471056132",2,9,3,1,0,0,2,1,36,1598,1,14
"2021531026731",1,9,5,8,0,0,1,1,34,1598,1,8
"2021552100492",3,9,2,0,0,0,1,3,-1,1956,2,9
"2021361140859",3,9,2,0,0,0,1,2,57,1686,2,8
"2021010308039",1,9,99,9,9,99,2,2,46,1598,1,22
"2021461027677",1,9,19,1,0,4,1,1,22,1796,1,18
"2021531031530",2,9,19,1,1,0,1,1,42,1956,2,7
"2021010294090",1,9,19,8,0,0,3,1,33,1910,2,14
"2021041025792",5,9,2,1,0,0,1,3,-1,1598,1,17
"2021131041173",1,9,19,0,0,0,1,3,-1,1686,2,11
"2021010329857",1,9,19,1,0,0,1,2,34,1364,1,5
"2021041014564",1,9,7,6,0,0,1,2,48,1364,1,5
"2021440407039",2,8,10,1,0,0,2,1,59,1956,2,5
"2021552100283",1,9,9,6,0,0,3,2,43,1598,1,17
"2021201094981",1,9,5,1,0,0,3,1,33,1598,1,15
"2021010289683",2,9,19,0,0,0,2,1,54,1796,1,17
"2021522200070",2,9,9,0,0,0,4,1,28,1598,1,13
"2021302101109",1,9,19,0,0,0,1,2,32,1598,1,21
"2021471104072",1,9,4,4,0,0,1,1,76,1956,2,6
"2021052100578",1,9,19,8,0,0,3,2,44,1598,1,10
"2021411120831",2,9,9,0,1,0,4,1,28,1910,2,14
"2021461024670",2,9,13,0,0,0,4,1,37,1598,1,13
"2021461017018",1,9,19,0,0,0,1,1,61,1796,1,8
"2021131060508",1,9,19,2,0,0,4,1,40,1598,1,12
"2021201134080",1,9,1,0,0,0,2,1,-1,1598,1,11
"2021221063750",2,9,19,0,1,0,1,1,39,1598,1,15
"2021471096508",1,9,7,1,0,0,1,1,29,1796,1,7
"2021010309964",1,9,9,6,0,0,1,2,36,1598,1,14
"2021622100622",2,9,8,1,0,0,2,1,26,1598,1,12
"2021161025395",2,9,19,0,0,0,1,2,39,1598,1,16
"2021471089032",1,9,19,2,0,0,3,2,36,1686,2,10
"2021361041867",2,9,19,0,0,0,0,1,52,1598,1,10
"2021221017632",1,9,19,6,1,0,1,1,50,1686,2,9
"2021440270057",2,9,19,0,0,0,1,1,-1,1956,2,7
"2021221037539",1,9,11,5,2,0,1,1,31,1686,2,10
"2021010316087",2,9,4,5,0,0,2,1,52,1598,1,8
"2021201077595",2,9,10,1,0,0,2,2,44,1796,1,15
"2021010292005",2,9,3,1,0,0,2,1,42,1598,1,12
"2021461095786",2,9,3,0,0,0,2,1,62,1956,2,7
"2021010311252",1,9,3,8,0,0,1,1,28,1796,1,13
"2021010319350",2,9,19,8,0,0,1,2,35,1910,2,11
"2021401084705",2,9,9,5,0,0,3,2,52,1598,1,9
"2021211045285",1,9,7,4,0,0,1,2,63,1956,2,7
"2021547258221",2,9,19,1,0,0,1,1,48,1598,1,16
"2021010313215",1,9,7,4,0,0,1,1,40,1910,2,13
"2021131038760",1,9,13,0,2,0,1,2,36,1598,1,16
"2021010306185",1,9,19,9,9,99,2,2,34,1598,1,14
"202131A028921",1,9,7,6,0,0,4,1,60,1598,1,14
"2021010302689",2,9,99,9,9,99,2,3,-1,1598,1,12
"2021461050721",2,9,19,8,0,0,1,2,29,1598,1,13
"2021201143553",1,9,19,4,0,0,1,1,-1,1598,1,15
"2021411051757",1,9,19,4,0,0,0,1,49,1796,1,10
"2021361121783",1,9,7,4,0,0,0,1,36,1910,2,14
"2021041126194",1,9,19,0,0,0,1,2,38,1598,1,12
"2021302100870",2,9,19,1,0,0,1,1,42,1686,2,9
"2021430136518",1,9,4,1,0,0,1,1,20,1796,1,14
"2021440154399",2,9,19,8,0,0,4,1,83,1364,1,5
"2021401057762",3,9,4,0,1,10,2,1,49,1956,2,8
"2021111067141",1,9,19,1,0,0,1,1,59,1598,1,17
"2021320417315",1,9,5,8,5,0,0,1,58,1598,1,17
"2021221022207",1,9,19,0,1,10,1,1,27,1796,1,14
"2021010342195",1,9,99,0,9,99,9,2,38,1364,1,4
"202134NNC2701",1,8,19,3,0,0,1,1,55,1598,2,4
"2021131066986",1,9,-1,0,-1,-1,-1,3,-1,1796,1,10
"2021461092348",1,9,19,0,0,0,4,2,31,1598,2,5
"2021010294854",1,11,4,1,0,0,2,1,68,5132,2,5
"2022010418487",1,9,99,9,9,99,9,3,-1,-1,3,0
"2022161234595",2,5,19,1,0,0,1,1,33,895,1,2
"2022101185356",2,9,19,8,0,0,2,1,72,1991,2,19
"2022401164813",1,3,19,0,0,7,1,1,30,125,1,7
"2022421223792",1,3,19,0,1,0,0,3,24,125,1,6
"2022991151509",1,9,19,2,1,4,1,2,30,1499,1,8
"2022522205143",1,9,1,8,0,0,2,2,51,1496,2,7
"2022440388189",1,9,5,0,0,0,1,1,29,1598,1,12
"2022451228334",1,9,19,0,1,0,1,2,41,1598,1,16
"2022101139344",2,9,19,0,0,0,3,2,61,1499,1,5
"2022010355179",1,9,10,8,0,0,1,2,70,1598,1,9
"2022451134142",2,9,3,0,0,0,1,2,30,1598,1,15
"2022461222956",1,9,9,0,0,0,3,2,-1,1995,2,10
"2022991188038",5,9,19,2,0,0,1,2,50,-1,3,2
"2022411156590",1,9,19,0,0,0,1,2,34,1598,1,14
"2022201272080",1,9,9,5,0,10,1,1,19,-1,3,1
"202234WNC3062",2,9,19,1,0,0,1,3,17,1598,1,13
"2022131188114",2,9,19,0,0,0,4,2,63,1600,1,11
"2022311155204",1,9,19,2,0,0,1,2,37,1499,1,1
"2022471219478",1,9,9,0,0,0,4,2,24,1499,1,1
"2022201253565",3,9,19,1,0,0,2,1,-1,1598,1,13
"2022430511204",1,9,9,8,1,0,1,2,40,1598,1,19
"2022161129378",1,9,19,0,0,0,2,2,43,1496,2,8
"2022351181286",2,9,2,0,0,0,2,2,49,1499,1,6
"2022421161372",2,9,5,8,0,0,1,1,50,1598,1,8
"2022430536392",1,9,19,0,0,0,1,2,46,1598,1,13
"2022010375248",2,9,4,1,0,0,1,1,34,1998,1,1
"2022161217418",2,9,19,8,0,0,1,1,37,1499,1,0
"2022010403453",2,9,99,9,9,99,1,2,-1,1499,1,4
"2022010364877",1,9,6,8,0,0,1,3,-1,1998,1,4
"2022461182901",1,9,5,8,0,0,1,2,26,1499,1,7
"2022041144645",1,9,19,2,0,0,1,2,22,1496,2,7
"2022451133179",2,9,19,0,0,0,1,2,24,1598,1,15
"2022010363649",2,9,99,9,9,99,1,3,-1,1598,1,12
"2022201164005",2,9,4,0,0,0,3,2,60,1560,2,14
"2022010384137",2,9,19,9,9,99,2,2,38,1998,1,4
"2022421145302",1,9,19,0,0,0,4,1,32,1598,1,20
"2022471203373",2,9,4,1,0,0,2,2,27,1499,1,5
"2022501251089",1,9,19,1,0,0,1,1,23,1598,1,15
"2022552201027",1,9,19,0,2,0,4,2,41,1598,1,15
"2022461191036",2,9,19,1,0,0,1,2,60,1598,1,20
"2022010410967",2,9,9,6,0,0,1,3,-1,1598,1,19
"202263A106422",1,9,19,0,1,0,1,2,57,1995,2,10
"2022401267787",1,9,12,0,0,4,1,1,35,1499,1,6
"2022221162376",2,9,4,8,0,0,3,2,25,1995,2,11
"2022070837660",2,9,9,5,0,0,2,2,49,1598,1,9
"202234NNC1682",1,9,19,8,0,0,1,2,49,1598,1,16
"2022010366961",1,9,19,0,0,0,1,2,31,1598,1,18
"2022451222832",1,9,19,1,5,0,1,2,38,1598,1,19
"2022471173128",1,9,19,0,0,0,1,1,25,1598,1,18
"2022451252726",2,9,19,0,0,0,1,1,63,1560,2,12
"202234WNC6212",2,9,19,0,0,0,2,1,41,1998,1,7
"2022161139020",1,9,2,0,0,0,0,1,32,1598,1,18
"2022161278785",1,9,3,1,0,0,0,2,41,1560,2,13
"2022010369453",1,9,19,0,0,0,1,1,47,1598,1,18
"2022221253014",1,9,19,0,5,0,4,2,31,1598,1,17
"2022340WNC312",1,9,6,0,0,0,1,2,53,1598,1,16
"2022010369127",2,9,99,9,9,99,1,1,25,1598,1,13
"2022010410216",2,9,99,9,9,99,1,2,-1,1499,1,4
"2022041177732",1,9,19,0,1,0,1,1,19,1560,2,14
"2022010395392",2,9,19,1,0,0,1,2,53,1499,1,6
"2022440492667",1,9,9,6,0,0,4,1,76,-1,3,2
"2022501162827",1,9,19,0,5,0,4,1,35,1598,1,19
"2022430011017",1,9,9,6,0,0,0,1,47,1499,1,3
"2022531243852",1,9,19,1,0,0,1,2,34,1499,1,4
"202234WNC8672",1,9,19,1,0,0,1,2,30,1998,1,6
"20225222ME628",1,9,19,0,0,0,1,1,53,1598,1,14
"2022031224246",2,9,19,1,0,0,4,2,53,1499,1,4
"2022221195628",2,9,19,8,0,0,1,1,53,1598,1,10
"2022610021322",1,9,7,2,5,4,1,1,31,1598,1,10
"2022451214086",2,9,19,0,0,0,1,2,74,1598,1,20
"2022010407952",1,9,9,5,0,0,1,1,19,1598,1,15
"2022061169966",1,9,4,1,0,0,2,1,36,1499,1,1
"2022061148548",1,9,10,4,0,0,1,3,30,1496,2,7
"2022461155054",1,9,19,0,1,0,1,2,35,1598,1,16
"2022501166483",1,9,4,1,0,0,1,1,51,1598,1,17
"2022552201451",2,9,4,8,0,0,4,1,60,1998,1,4
"2022461156043",2,9,19,0,0,0,3,2,57,1598,1,20
"2022010386001",1,9,99,9,9,99,2,3,21,1598,1,19
"2022461175240",1,9,19,0,0,0,1,2,36,1598,1,19
"2022401271317",2,9,19,0,0,0,1,2,38,1598,1,12
"2022311135102",2,9,2,0,0,0,3,3,-1,1499,1,2
"2022501247689",2,9,19,0,0,0,1,2,67,1998,1,1
"2022201234635",1,9,19,0,0,0,1,2,40,1496,2,5
"2022111242278",2,9,4,1,0,0,2,2,52,-1,3,1
"2022332200868",1,9,9,6,0,0,1,2,41,1598,2,9
"2022010394209",1,9,19,2,0,0,3,2,38,1998,1,2
"2022052200587",1,9,9,8,0,0,4,2,80,1995,2,10
"2022161245967",1,9,19,8,0,0,1,2,72,1998,1,2
"2022010418045",1,9,3,1,0,0,1,2,36,-1,3,2
"2022461195686",2,9,2,0,0,0,3,3,-1,1598,1,17
"2022010355631",2,9,13,0,1,0,1,1,26,1598,1,15
"2022421254907",3,9,2,0,0,4,2,3,-1,1598,1,14
"2022131150411",2,9,9,1,0,0,4,2,47,1998,1,6
"2022361150355",2,9,9,8,0,0,2,2,55,1499,1,2
"2022131215200",2,9,19,8,0,0,1,2,18,1598,1,9
"2022231149617",4,9,10,1,0,0,2,2,33,-1,3,1
"2022041140349",1,9,19,1,0,0,1,2,32,1995,2,5
"2022461223255",1,9,19,0,5,11,4,2,18,1499,1,3
"2022061170073",2,9,13,0,0,0,1,1,-1,1998,1,1
"2022010379791",2,9,3,0,0,0,1,1,21,1600,1,11
"2022201243307",1,9,15,1,0,0,1,1,24,1998,1,5
"2022351155088",2,9,3,1,0,0,4,2,40,1598,1,20
"2022411183654",2,9,10,0,0,0,3,1,18,1598,1,20
"2022010411772",1,9,19,0,5,10,4,2,19,1598,2,11
"2022221224430",2,9,9,5,0,0,3,2,18,1598,1,20
"2022622200671",2,9,19,1,0,0,1,1,38,1598,1,9
"2022031235329",1,9,19,0,1,0,1,2,86,1598,1,13
"2022211201336",1,9,19,0,0,0,3,2,19,1598,1,12
"2022010369512",1,9,11,1,0,0,4,2,52,1499,1,1
"2022421202843",1,9,19,8,0,0,4,2,61,1499,1,3
"2022451189127",1,9,19,2,0,0,3,1,42,1499,1,3
"2022041139932",3,9,19,1,0,0,2,2,29,1560,2,14
"2022041178466",2,9,19,0,0,0,2,1,48,-1,3,1
"2022302200772",2,9,19,8,0,0,3,2,75,1499,1,3
"2022111190464",1,9,19,2,0,0,1,1,52,1998,1,4
"2022131251011",2,9,9,1,0,0,3,2,54,1600,1,11
"2022351235592",2,9,19,0,0,0,4,2,45,1499,1,1
"2022991209082",3,9,19,0,0,0,1,2,54,1998,1,2
"2022010404668",2,9,19,1,0,0,3,1,32,1499,1,5
"2022061238277",1,9,-1,-1,-1,-1,-1,1,-1,1499,1,7
"2022552201308",1,9,9,6,0,0,1,2,55,1598,1,14
"2022544454122",1,9,7,6,0,0,3,2,22,1598,1,12
"2022041258333",1,9,19,0,1,0,1,1,19,1598,1,14
"2022010378962",1,9,99,9,9,99,9,2,28,1499,1,4
"2022451252123",1,9,15,0,0,0,1,1,27,1598,1,19
"2022451191773",2,9,9,6,0,0,4,2,49,1499,1,6
"2022451149766",2,9,5,2,0,0,1,1,32,1598,1,20
"2022010405616",1,9,99,9,9,99,2,2,48,1499,1,1
"2022991143154",3,9,2,2,0,0,2,3,-1,-1,3,1
"2022421175084",1,9,19,0,0,0,1,1,21,1998,1,5
"2022430323094",2,9,19,0,0,0,4,2,34,1998,1,3
"2022991259299",1,9,5,6,0,0,4,2,31,1598,1,15
"2022552300027",2,9,3,1,0,0,2,2,19,1560,2,13
"2022131224100",1,9,19,0,0,0,2,2,77,1598,1,11
"202263C078722",2,9,4,1,0,0,2,2,29,1496,2,5
"2022622200693",1,9,19,0,0,4,1,1,37,1598,1,19
"2022201276854",1,9,19,0,0,4,1,2,51,1598,1,21
"2022070350615",2,9,19,0,0,0,1,1,65,1598,1,17
"2022010412132",1,9,19,1,0,0,1,2,27,1499,1,5
"2022501161357",2,9,4,0,5,0,2,2,47,1600,1,10
"2022010376155",3,9,99,9,9,99,9,3,-1,-1,3,1
"202234NNC8552",2,9,19,0,0,0,3,1,59,1995,2,5
"2022371238196",1,9,19,8,0,0,1,1,21,1998,1,3
"2022501223591",2,9,2,0,0,0,2,1,66,1496,2,6
"2022531237871",1,9,9,4,0,0,1,2,47,1598,1,13
"2022411183649",1,9,19,1,0,0,1,2,34,1598,1,13
"2022440384911",1,9,19,0,0,0,3,2,54,1598,1,17
"2022161183908",1,9,5,8,0,0,3,2,37,1499,1,6
"2022010358900",2,9,9,6,0,0,1,2,20,1598,1,18
"2022401181559",2,9,2,0,0,0,2,2,50,1598,1,12
"2022010416040",1,3,99,9,9,99,2,1,34,125,1,4
"2022010418931",1,3,99,9,9,99,9,1,20,125,1,2
"2022010394693",1,3,19,2,0,0,1,1,21,125,1,5
"2022010404394",1,3,99,9,9,99,1,1,38,125,1,0
"2022131128012",1,3,19,8,0,0,1,1,40,125,1,6
"2022201281905",2,3,19,8,0,0,1,1,21,125,1,5
"2022552200473",1,9,19,0,1,0,1,2,43,999,1,3
"2022440354043",1,9,19,1,0,0,2,2,20,999,1,7
"2022101225539",1,9,19,8,0,11,1,1,60,999,1,3
"2022430518956",1,9,19,8,0,0,1,2,50,999,1,8
"2022501143619",1,9,19,0,0,0,4,1,48,999,1,6
"2022131135235",1,9,4,1,0,0,2,1,32,999,1,9
"2022430341190",1,9,19,0,0,0,1,2,35,999,1,8
"2022221185777",1,9,7,6,0,10,1,2,87,999,1,4
"20225222BA425",1,9,19,1,0,0,1,2,61,999,1,7
"2022371183201",1,9,19,0,1,0,2,2,18,999,1,8
"2022170L30252",2,9,9,8,0,0,4,2,79,999,1,3
"2022010387879",1,9,5,4,0,0,1,2,47,999,1,7
"2022141255853",2,9,10,4,0,0,2,2,51,999,1,3
"2022440321240",1,9,4,1,0,0,2,1,36,999,1,8
"2022461239999",1,4,19,0,2,0,1,1,19,385,1,17
"2022471135876",1,4,19,0,1,0,1,1,62,400,1,4
"2022010353973",1,3,19,1,0,0,1,1,24,125,1,3
"2023141312125",1,9,19,0,0,0,1,1,-1,2993,1,2
"2023221320568",1,9,19,2,0,0,1,1,19,2979,1,5
"2023411346440",2,9,11,3,0,0,3,1,28,2979,1,8
"2023451314817",2,9,19,0,0,0,1,1,27,2979,1,6
"2023010472540",3,9,19,4,0,0,1,1,32,2979,1,8
"2023161352639",1,9,19,8,0,0,3,1,28,1995,1,18
"2023010457458",1,9,9,6,0,0,3,1,24,2497,1,13
"2023010470100",2,9,99,9,9,99,9,3,-1,2497,1,14
"2023010445813",1,9,4,5,0,0,3,1,55,1998,1,3
"202360A105251",2,9,3,0,0,0,1,2,42,2996,1,11
"2023141392358",2,5,11,8,0,0,3,1,47,889,1,2
"2023501387921",1,5,19,8,0,0,1,1,45,889,1,2
"2023010473442",2,5,19,8,2,0,3,1,33,648,1,0
"2023131290373",2,3,19,8,0,0,4,1,28,125,1,2
"2023311295117",1,9,4,0,0,0,2,1,60,1969,8,0
"2023010482002",1,9,5,0,0,0,1,2,30,1969,8,0
"2023010428598",2,9,19,1,0,0,0,1,39,1969,8,1
"2023010484319",1,9,4,2,0,0,0,1,45,1969,8,0
"2023552301192",1,9,19,1,0,0,1,1,33,1969,2,6
"2023010462749",1,9,19,1,0,0,3,1,39,1969,8,0
"2023131345313",2,9,19,0,0,0,3,2,44,1969,2,6
"2023041347940",2,9,15,0,0,0,2,1,37,1969,8,1
"2023010424126",2,9,19,8,1,0,4,1,37,1969,2,7
"2023010481317",3,9,19,2,0,0,0,1,22,1969,8,0
"2024010526883",1,9,11,0,0,0,2,2,44,1997,2,8
"2024991446730",1,3,4,8,1,0,4,1,19,124,1,3
"2024461473110",1,3,19,0,0,0,1,1,19,124,1,3
"2024411459481",2,4,3,4,0,0,4,1,32,124,1,0
"2024522401319",1,9,2,0,0,0,2,1,37,1349,1,10
"2024141466469",1,9,3,4,0,0,2,1,27,1496,1,3
"2024041421149",2,9,19,8,0,0,4,2,80,1490,8,2
"2024311477516",1,9,19,0,1,0,1,1,22,1349,1,15
"2024471519170",1,9,19,0,0,0,1,1,26,1498,1,15
"2024231438333",1,9,19,0,0,0,4,2,24,1349,1,13
"2024041450077",2,9,19,0,0,0,2,1,34,1560,2,15
"2024010538950",1,9,7,1,0,0,3,2,37,1349,1,13
"2024141401052",2,9,19,8,0,0,1,1,26,1496,1,7
"2024201553679",1,9,19,0,5,4,4,2,23,1490,8,0
"2024451529387",2,9,10,6,0,0,3,1,40,1349,1,15
"2024411532277",2,9,3,0,0,0,2,1,19,1349,1,12
"2024622400843",1,9,19,8,2,0,1,1,75,1498,1,15
"2024161406383",2,9,7,5,0,0,1,2,78,1349,1,12
"2024461532016",1,9,19,0,2,0,1,2,18,1349,1,13
"2024440145556",1,9,19,0,0,0,1,2,73,1496,1,4
"2024501480101",1,9,7,2,0,0,1,2,24,1399,2,15
"2024411470661",1,9,-1,4,0,0,1,1,22,1496,1,1
"2024101443783",3,9,4,1,0,0,2,2,35,1496,1,3
"2024320003489",1,9,19,0,0,0,1,1,33,1498,1,11
"2024131423115",2,9,19,8,0,0,1,2,61,1349,1,15
"2024471463770",2,9,-1,-1,-1,-1,-1,2,-1,1349,1,11
"2024031447519",1,9,19,0,0,0,1,1,18,1349,1,15
"2024552401298",1,9,19,0,0,0,4,3,-1,1496,1,0
"2024522500279",1,9,9,5,0,0,4,2,39,1349,1,11
"2024421495443",3,9,19,0,0,0,1,1,27,1498,1,5
"2024991402188",1,9,9,5,0,0,1,1,25,1349,1,15
"2024440081223",2,9,19,1,1,0,1,2,28,1496,1,9
"2024501478623",1,9,19,2,1,0,1,1,71,1349,1,9
"2024031442404",1,9,19,0,0,0,1,1,31,1349,1,10
"2024101430363",2,9,3,0,0,0,2,1,62,1496,1,1
"2024311526462",1,9,19,0,0,0,4,2,36,1496,1,8
"2024141424503",1,9,19,0,0,0,1,2,31,1349,1,12
"2024471517949",1,9,9,8,0,0,4,2,58,1349,1,10
"2024501459509",1,9,19,1,0,0,4,2,64,1496,1,9
"2024010529422",1,9,99,9,9,99,9,2,65,1349,1,13
"2024991526907",1,9,9,0,0,0,1,1,46,1496,1,2
"2024421462485",1,9,4,0,0,0,1,2,26,1498,1,16
"2024991432093",1,9,9,8,0,7,1,1,57,1496,1,3
"2024440171177",1,9,4,1,0,0,2,2,30,1496,1,5
"2024201425264",2,9,19,1,0,0,2,1,45,1496,1,8
"2024302400427",1,9,19,0,2,0,1,2,33,1349,1,14
"2024440319190",2,3,19,1,0,0,1,1,18,124,1,6
"2024302400619",2,3,19,0,0,0,1,2,46,125,1,0
"2024010534716",2,3,-1,8,0,0,2,1,30,125,1,7
"2024010522348",1,3,19,0,0,0,0,1,35,125,1,7
"2024010544442",1,2,99,9,9,99,0,1,17,49,1,12
"2024221437688",2,4,19,0,1,0,1,1,19,125,1,2
"2024401441131",1,3,19,4,0,9,1,1,41,125,1,8
"2024461512243",1,3,19,0,0,0,4,1,19,124,1,10
"2024461393694",7,9,4,0,0,0,4,2,34,-1,3,1
"2024010518723",1,9,19,1,0,0,1,1,52,-1,3,2
"2024010545929",1,9,9,6,0,0,3,1,40,-1,3,1
"2024201454344",2,9,4,0,0,0,2,1,25,-1,3,0
"2024201484183",2,9,5,8,0,0,1,1,60,-1,3,0
"2024010501978",2,9,99,9,9,99,9,1,66,-1,3,2
"2024302401786",1,9,9,9,0,0,1,1,44,-1,3,2
"2024501422238",1,9,19,0,0,0,1,1,59,1968,2,13
"2024471424812",2,9,9,1,0,0,1,2,59,1197,1,9
"2024440021186",4,9,4,0,0,0,2,1,45,1968,2,10
"2024361524983",1,9,9,0,0,0,1,1,73,1197,1,9
"2024041508913",2,9,19,1,0,0,3,1,62,1197,1,12
"2024111529539",1,9,19,0,0,0,1,1,40,1197,1,10
"2024061524170",1,9,5,1,0,0,1,1,47,1968,2,12
"2024141486544",1,9,9,1,0,0,1,2,74,1197,1,8
"2024041417580",1,9,19,0,0,0,1,1,75,1197,1,8
"2024010523125",2,9,19,1,0,4,1,1,62,1197,1,8
"2024461433204",1,9,19,0,2,0,3,2,22,1197,1,14
"202417S211524",2,9,13,8,0,0,1,1,63,1968,2,10
"2024471424712",3,9,19,1,0,0,4,1,84,1968,2,9
"2024052400685",1,9,5,4,0,0,1,2,67,1197,1,9
"2024401450341",2,5,13,0,0,0,1,1,26,999,1,8
"2024010523290",2,5,5,4,1,0,3,1,40,999,1,9
"2024361418749",1,5,19,1,1,0,4,2,42,999,1,1
"2024361484411",3,3,19,0,2,0,1,1,26,124,1,0
"2024440007009",2,3,19,8,0,0,1,1,55,125,1,5
"2024111409269",2,5,19,1,5,0,4,1,50,999,1,8
"2024010512148",1,5,14,1,0,0,3,1,30,999,1,0
"2024991485517",1,5,19,0,2,0,1,1,38,749,1,6
"2024010530089",1,3,99,9,9,99,9,1,39,124,1,1
"2024201440161",2,3,19,0,0,0,2,1,44,124,1,6
"2024991444732",2,5,19,1,0,0,1,1,41,999,1,4
"2024302400740",1,9,5,6,0,0,1,1,19,1390,1,18
"2024131535394",1,9,19,1,0,0,1,2,74,1198,1,18
"2024471533239",2,9,10,5,0,0,2,2,57,1198,1,17
"2024052402225",1,9,6,0,0,0,1,2,75,1198,1,14
"2024311489634",1,9,9,6,0,0,1,2,88,1198,1,14
"2024430318864",1,9,19,0,1,0,3,1,21,1198,1,18
"2024991437474",1,9,9,2,0,0,1,1,17,1198,1,15
"2024141406637",2,3,11,3,0,0,3,1,23,125,1,5
"2024440275550",1,3,19,1,0,0,1,1,18,125,1,5
"2023430463768",2,9,19,0,0,0,1,2,32,1685,2,9
"2023311314802",1,9,19,8,0,4,1,2,58,1685,2,6
"2023010451495",1,8,5,0,0,0,3,1,42,1685,2,5
"2023501373104",1,9,2,0,0,0,3,1,56,1591,1,2
"2023991278333",2,9,3,1,0,0,1,2,25,1995,2,4
"2023501347342",1,9,9,8,0,0,4,2,38,1685,2,8
"2023320356816",2,9,19,1,0,0,3,1,44,1685,2,7
"2023461288588",2,9,9,0,0,0,3,1,36,1591,1,4
"2023421295649",2,9,11,0,0,0,4,2,33,1591,1,2
"2023340NN1752",2,9,19,1,0,0,4,2,70,1598,2,4
"2023471333256",2,9,19,0,0,0,3,1,40,1995,2,9
"2023461374676",1,9,19,0,0,0,3,3,-1,1591,1,4
"2023170L40523",1,9,9,4,0,0,1,1,64,1685,2,8
"2023141285798",2,9,9,1,0,0,1,3,-1,1995,2,4
"2023991284586",2,9,4,0,0,0,1,1,72,1591,1,2
"2023421379459",2,9,19,0,0,0,3,1,53,1598,8,1
"2023201374281",3,9,8,1,0,0,1,1,27,1685,2,7
"2023411298983",1,9,19,3,0,0,1,2,47,1591,1,6
"2023471328311",1,9,13,0,0,0,4,2,30,1685,2,8
"2023430249790",1,9,9,6,0,0,1,1,78,1598,8,1
"2023501273115",1,9,1,0,0,0,2,1,46,1685,2,9
"2023231307420",2,9,9,1,0,0,2,1,66,1991,2,13
"2023991294861",1,9,9,1,0,0,1,1,63,1598,1,0
"2023991383512",2,9,19,1,0,0,1,2,38,1598,8,0
"2023522300851",2,9,5,4,0,0,1,1,-1,1995,2,10
"2023052301266",1,9,19,1,0,0,1,1,30,1591,1,1
"2023430275445",1,9,9,5,5,0,1,1,64,1598,1,0
"2023141317039",1,9,3,0,0,0,2,2,46,1685,2,10
